{
	"format_version": "1.12.0",
	"minecraft:geometry": [
		{
			"description": {
				"identifier": "geometry.unknown",
				"texture_width": 4,
				"texture_height": 4,
				"visible_bounds_width": 2,
				"visible_bounds_height": 1.5,
				"visible_bounds_offset": [0, 0.25, 0]
			},
			"bones": [
				{
					"name": "bb_main",
					"pivot": [0, 0, 0],
					"cubes": [
						{"origin": [-1.675, 0, -2.075], "size": [1.75, 1.75, 1.75], "uv": [0, 0]},
						{"origin": [-0.675, 0, -0.075], "size": [1.75, 1.75, 1.75], "uv": [0, 0]},
						{"origin": [-0.675, 1.75, -1.225], "size": [1.75, 1.75, 1.75], "pivot": [-0.03054, 1.75, -0.27646], "rotation": [0, -20, 0], "uv": [0, 0]},
						{"origin": [0.725, 0, -1.475], "size": [1.75, 1.75, 1.75], "pivot": [2.475, 0, -1.475], "rotation": [0, -27.5, 0], "uv": [0, 0]}
					]
				},
				{
					"name": "ground",
					"pivot": [0.2, -0.15, -0.5]
				},
				{
					"name": "thirdperson_hand",
					"pivot": [0.2, 0, 0.025]
				},
				{
					"name": "fixed",
					"pivot": [0.2, 0, 1.025]
				}
			]
		}
	]
}