{
    "model": "ulv_guns:gun/flintlock_geo",
    "texture": "ulv_guns:gun/uv/flintlock",
    "slot": "ulv_guns:gun/slot/flintlock",
	"hud": "ulv_guns:gun/hud/flintlock_hud",
    "third_person_animation": "default",
	"muzzle_flash": {
		"texture": "tacz:flash/common_muzzle_flash",
		"scale": 1
	},	
	"sounds": {
		"draw": "tacz:p320/p320_draw",
		"shoot_3p": "ulv_guns:flintlock/flintlock_shoot3",
		"shoot": "ulv_guns:flintlock/flintlock_shoot",
		"reload_empty": "ulv_guns:flintlock/flintlock_reload"
    },
	"use_default_animation": "rifle",
	"animation": "ulv_guns:flintlock"
}