{
  "__comment__": "This file was automatically created by mcresources",
  "name": "Argilla Refrattaria",
  "category": "tfc:mechanics",
  "icon": "tfc:fire_clay",
  "pages": [
    {
      "type": "patchouli:text",
      "text": "Gli usi per l'argilla refrattaria sono pochi, ma tutti sono ugualmente importanti. L'Argilla Refrattaria è una variante più forte dell'argilla classica e ha anche una migliore resistenza al calore. È usata per creare cose che devono riscaldarsi molto!"
    },
    {
      "type": "patchouli:crafting",
      "recipe": "tfc:crafting/fire_clay",
      "text": "L'Argilla Refrattaria è creata con polvere di $(l:tfg_ores/normal_graphite)graffite$(), insieme a polvere di $(l:tfg_ores/surface_kaolin#powder)caolinite$()"
    },
    {
      "type": "tfc:heat_recipe",
      "recipe": "tfc:heating/kaolin_clay",
      "text": "La polvere di Caolinite si può ottenere riscaldando dell'$(l:tfg_ores/surface_kaolin)Argilla di Kaolinite$().\nPurtroppo, il processo non è perfetto, e solo il 20% dell'argilla diventerà polvere!"
    },
    {
      "type": "tfc:knapping_recipe",
      "anchor": "crucible",
      "recipe": "tfc:fire_clay_knapping/crucible",
      "text": "Il $(l:mechanics/crucible)Crogiolo$() nella sua forma non cotta è fatto con argilla refrattaria."
    },
    {
      "type": "tfc:knapping_recipe",
      "anchor": "fire_bricks",
      "recipe": "tfc:fire_clay_knapping/brick",
      "text": "L'$(l:mechanics/blast_furnace)Alto Forno$() accetta soltanto mattoni refrattari come isolante."
    },
    {
      "type": "tfc:knapping_recipe",
      "recipe": "tfc:fire_clay_knapping/fire_ingot_mold",
      "text": "Le $(thing)Lingottiere Refrattarie$() sono un tipo di $(l:getting_started/pottery#mold)Lingottiera$() che ha solo 1 possiblità su 100 di rompersi, a differenza di 1 su 10 di una normale lingottiera."
    }
  ],
  "read_by_default": true
}