{
  "__comment__": "This file was automatically created by mcresources",
  "name": "Prodotti in Vetro",
  "category": "tfc:mechanics",
  "icon": "minecraft:glass",
  "pages": [
    {
      "type": "patchouli:text",
      "text": "I prodotti in vetro più semplici sono i $(thing)Pannelli  di Vetro$() e $(thing)Blocchi di Vetro$(). Per fabbricarli, dovrai iniziare con una $(l:mechanics/glassworking#blowpipe)Blowpipe$()Canna da Soffio$() con un $(thing)Lotto di Vetro$(), per poi eseguire un $(thing)Versamento$().$(br)$(li)$(bold)I Versamenti su Piano$() sono usati per creare $(thing)Pannelli di Vetro$()$(li)$(bold)I Versamenti dentro un Bacino$() sono usati per creare $(thing)Blocchi di Vetro$()"
    },
    {
      "type": "patchouli:text",
      "text": "Il vetro può anche essere $(thing)colorato$() prima che sia versato per creare vetro colorato. Il colore dipende dal tipo di lotto di vetro usato, e da eventuali polveri che sono state aggiunte.$(br2)Ogni tipo di $(thing)Lotto di Vetro$() creerà un vetro con un colore naturale diverso. Lotti di vetro in $(thing)Silice$() possono essere colorati senza restrizioni, mentre $(thing)Olivina$() e $(thing)Vulcanica$() possono avere relativamente pochi colori."
    },
    {
      "type": "patchouli:text",
      "text": "I $(thing)Pannelli di Vetro$() sono realizzati con un $(thing)Versamento su Piano$(). Un piano per versamenti è fatto posizionado fino a 16 blocchi di $(thing)Argilla di Caolinite$() o $(thing)Blocchi in Bronzo$() in un'area continua.$(br2) 1. Aggiungi un $(l:mechanics/glassworking)Lotto di Vetro$() ad una $(thing)Canna da Soffio$().$(br) 2. Riscalda la canna da soffio fino a $(4)$(bold)Faint Red$().$(br) 3. $()$(item)$(k:key.use)$() la $(thing)Canna da Soffio$() sopra al piano.$(br) 4. E per finire $(item)$(k:key.use)$() con una $(l:mechanics/glassworking#paddle)Paletta$() per appiattire il vetro.",
      "title": "Versamento in un Bacino"
    },
    {
      "type": "patchouli:multiblock",
      "multiblock": {
        "mapping": {
          "C": "#tfc:glass_pouring_table",
          "0": "#tfc:glass_pouring_table"
        },
        "pattern": [
          [
            "CCCC",
            "CCC0",
            "CCCC",
            "CCCC"
          ]
        ]
      },
      "text": "Quando il vetro si è raffreddato, può essere rotto con una $(l:mechanics/glassworking#saw)Sega per Gemme$() per ottenerlo.",
      "border": true
    },
    {
      "type": "patchouli:text",
      "text": "I $(thing)Blocchi di Vetro$() sono realizzati con un $(thing)Versamento in un Bacino$(). Un bacino è fatto circondanto tutti i lati di un blocco d'aria eccetto la parte superiore con $(thing)Blocchi di Argilla di Caolinite$() o $(thing)Blocchi di Ottone$().$(br2) 1. Aggiungi un $(l:mechanics/glassworking)Lotto di Vetro$() ad una $(thing)Canna da Soffio$().$(br) 2. Riscalda la canna da soffio fino a $(4)$(bold)Faint Red$().$(br) 3. $(item)$(k:key.use)$() la $(thing)Canna da Soffio$() sopra al Bacino.",
      "title": "Versamento in un bacino"
    },
    {
      "type": "patchouli:multiblock",
      "multiblock": {
        "mapping": {
          "C": "#tfc:glass_basin_blocks",
          "0": "#tfc:glass_basin_blocks"
        },
        "pattern": [
          [
            " C ",
            "C C",
            " C "
          ],
          [
            "   ",
            " 0 ",
            "   "
          ]
        ]
      },
      "text": "Quando il vetro si è raffreddato, può essere rotto con una $(l:mechanics/glassworking#saw)Sega per Gemme$() per ottenerlo.",
      "border": true
    },
    {
      "type": "patchouli:text",
      "anchor": "coloring",
      "text": "Il vetro ha un colore naturale basato sul tipo di $(l:mechanics/glassworking)Lotto di Vetro$() che viene usato. Altri colori possono essere realizzati usando una $(l:mechanics/bowls)Ciotola$().$(br2)Per usarla, piazza la $(l:mechanics/bowls)Ciotola$() a terra, poi $(item)$(k:key.use)$() la $(thing)Polvere$() richiesta. Prima di $(thing)Versare$(), usa la $(thing)Canna da Soffio$() sulla ciotola per aggiungere la polvere al lotto.",
      "title": "Colorare il Vetro"
    },
    {
      "type": "patchouli:text",
      "text": "$(br2)La pagina seguente mostra tutte le diverse combinazioni di tipi di vetro e polveri per ogni colorazione."
    },
    {
      "type": "patchouli:text",
      "text": "$(li)$(bold)$(7)Bianco$(): Vetro in Silice o Ematico + $(thing)Soda$()$(li)$(bold)$(0)Nero$(): Qualsiasi Vetro + $(thing)Graffite$()$(li)$(bold)$(8)Grigio$(): Qualsiasi Vetro + $(thing)Graffite$() + $(thing)Soda$()$(li)$(bold)$(7)Grigio Chiaro$(): Qualsiasi Vetro + $(thing)Graffite$() + 2x $(thing)Soda$()$(li)$(bold)$(5)Viola$(): Qualsiasi Vetro + $(thing)Ferro$() + $(thing)Rame$()$(li)$(bold)$(#964b00)Marrone$(): Qualsiasi Vetro + $(thing)Nickel$()$(li)$(bold)$(3)Ciano$(): Vetro non Vulcanico + $(thing)Rame$() + $(thing)Zaffiro$()$(li)$(bold)$(2)Verde$(): Vetro in Silice o Ematico + $(thing)Ferro$()",
      "title": "Coloranti"
    },
    {
      "type": "patchouli:text",
      "text": "$(li)$(bold)$(a)Lime$(): Vetro in Silice o Ematico + $(thing)Ferro$() + $(thing)Soda$()$(li)$(bold)$(b)Azzurro$(): Vetro in Silice + $(thing)Lapis Lazuli$()$(li)$(bold)$(1)Blu$(): Vetro in Silice + $(thing)Rame$()$(li)$(bold)$(4)Rosso$(): Vetro in SIlice o Ematico + $(thing)Stagno$()$(li)$(bold)$(6)Giallo$(): Vetro in Silice o Ematico + $(thing)Argento$()$(li)$(bold)$(#ef8e38)Arancione$(): Vetro in Silice + $(thing)Pirite$()$(li)$(bold)$(5)Magenta$(): Vetro in Silice o Ematico + $(thing)Rubino$()$(li)$(bold)$(d)Rosa$(): Vetro in Silice + $(thing)Oro$()$(li)$(bold)$(0)Oscurato$(): Vetro non in Silice + $(thing)Ametista$()"
    },
    {
      "type": "tfc:table_small",
      "strings": [
        {
          "text": ""
        },
        {
          "text": "C"
        },
        {
          "text": "T"
        },
        {
          "fill": "0xff42f2"
        },
        {
          "fill": "0x8af3ff"
        },
        {
          "fill": "0x526cff"
        },
        {
          "fill": "0xe3e3e3"
        },
        {
          "fill": "0xe69407"
        },
        {
          "fill": "0xc738c9"
        },
        {
          "fill": "0xffe81c"
        },
        {
          "fill": "0x48ff1f"
        },
        {
          "fill": "0xe01414"
        },
        {
          "fill": "0x0c9400"
        },
        {
          "fill": "0x188a9e"
        },
        {
          "fill": "0x7d4f00"
        },
        {
          "fill": "0x6e059c"
        },
        {
          "fill": "0x7d7d7d"
        },
        {
          "fill": "0xbdbdbd"
        },
        {
          "fill": "0x000000"
        },
        {
          "text": "Silice"
        },
        {
          "fill": "0x3d42a8"
        },
        {
          "fill": "0xb33e3e"
        },
        {
          "fill": "0x3eb340"
        },
        {
          "fill": "0x3eb340"
        },
        {
          "fill": "0x3eb340"
        },
        {
          "fill": "0x3eb340"
        },
        {
          "fill": "0x3eb340"
        },
        {
          "fill": "0x3eb340"
        },
        {
          "fill": "0x3eb340"
        },
        {
          "fill": "0x3eb340"
        },
        {
          "fill": "0x3eb340"
        },
        {
          "fill": "0x3eb340"
        },
        {
          "fill": "0x3eb340"
        },
        {
          "fill": "0x3eb340"
        },
        {
          "fill": "0x3eb340"
        },
        {
          "fill": "0x3eb340"
        },
        {
          "fill": "0x3eb340"
        },
        {
          "fill": "0x3eb340"
        },
        {
          "text": "Ematica"
        },
        {
          "fill": "0xb33e3e"
        },
        {
          "fill": "0x3eb340"
        },
        {
          "fill": "0xb33e3e"
        },
        {
          "fill": "0xb33e3e"
        },
        {
          "fill": "0xb33e3e"
        },
        {
          "fill": "0x3eb340"
        },
        {
          "fill": "0x3d42a8"
        },
        {
          "fill": "0x3eb340"
        },
        {
          "fill": "0x3eb340"
        },
        {
          "fill": "0x3eb340"
        },
        {
          "fill": "0x3eb340"
        },
        {
          "fill": "0x3eb340"
        },
        {
          "fill": "0x3eb340"
        },
        {
          "fill": "0x3eb340"
        },
        {
          "fill": "0x3eb340"
        },
        {
          "fill": "0x3eb340"
        },
        {
          "fill": "0x3eb340"
        },
        {
          "fill": "0x3eb340"
        },
        {
          "text": "Olivina"
        },
        {
          "fill": "0xb33e3e"
        },
        {
          "fill": "0x3eb340"
        },
        {
          "fill": "0xb33e3e"
        },
        {
          "fill": "0xb33e3e"
        },
        {
          "fill": "0xb33e3e"
        },
        {
          "fill": "0xb33e3e"
        },
        {
          "fill": "0xb33e3e"
        },
        {
          "fill": "0xb33e3e"
        },
        {
          "fill": "0xb33e3e"
        },
        {
          "fill": "0xb33e3e"
        },
        {
          "fill": "0xb33e3e"
        },
        {
          "fill": "0x3d42a8"
        },
        {
          "fill": "0x3eb340"
        },
        {
          "fill": "0x3eb340"
        },
        {
          "fill": "0x3eb340"
        },
        {
          "fill": "0x3eb340"
        },
        {
          "fill": "0x3eb340"
        },
        {
          "fill": "0x3eb340"
        },
        {
          "text": "Vulcanica"
        },
        {
          "fill": "0xb33e3e"
        },
        {
          "fill": "0x3eb340"
        },
        {
          "fill": "0xb33e3e"
        },
        {
          "fill": "0xb33e3e"
        },
        {
          "fill": "0x3d42a8"
        },
        {
          "fill": "0xb33e3e"
        },
        {
          "fill": "0xb33e3e"
        },
        {
          "fill": "0xb33e3e"
        },
        {
          "fill": "0xb33e3e"
        },
        {
          "fill": "0xb33e3e"
        },
        {
          "fill": "0xb33e3e"
        },
        {
          "fill": "0xb33e3e"
        },
        {
          "fill": "0xb33e3e"
        },
        {
          "fill": "0x3eb340"
        },
        {
          "fill": "0x3eb340"
        },
        {
          "fill": "0x3eb340"
        },
        {
          "fill": "0x3eb340"
        },
        {
          "fill": "0x3eb340"
        }
      ],
      "text": "La disponibilità dei colori di vetro. 'C' è chiaro, 'T' è oscurato. I colori possono essere realizzati solo con alcuni tipi di lotti di vetro.",
      "title": "Disponibilità dei colori del Vetro",
      "legend": [
        {
          "text": "Può essere realizzato",
          "color": "0x3eb340"
        },
        {
          "text": "Non può essere fabbricato",
          "color": "0xb33e3e"
        },
        {
          "text": "Colore di Default",
          "color": "0x3d42a8"
        }
      ],
      "columns": 18,
      "first_column_width": 35,
      "column_width": 10,
      "row_height": 10,
      "left_buffer": 5,
      "top_buffer": 15,
      "draw_background": true
    },
    {
      "type": "patchouli:empty",
      "draw_filler": false
    },
    {
      "type": "tfc:glassworking_recipe",
      "anchor": "lamp_glass",
      "recipe": "tfc:glassworking/lamp_glass",
      "text": "Il $(thing)Vetro per Lampada$() è una componente necessaria per creare le $(l:mechanics/lamps)Lampade$()."
    },
    {
      "type": "tfc:glassworking_recipe",
      "anchor": "jar",
      "recipe": "tfc:glassworking/empty_jar",
      "text": "I $(l:mechanics/jarring)Barattoli$() sono anch'essi fabbricati con vetro soffiato, ma solo in Silice o Ematico."
    },
    {
      "type": "tfc:glassworking_recipe",
      "anchor": "glass_bottle",
      "recipe": "tfc:glassworking/silica_glass_bottle",
      "text": "Le $(thing)Bottiglie di Vetro$() posso anch'esse essere fabbricate. La qualità della bottiglia di vetro dipende dal tipo di vetro usato per crearla."
    },
    {
      "type": "tfc:glassworking_recipe",
      "recipe": "tfc:glassworking/lens",
      "text": "Le $(thing)Lenti$() sono usate per creare binocoli, bussole, ed altre cose."
    }
  ],
  "read_by_default": true,
  "extra_recipe_mappings": {
    "tag:tfc:glass_batches": 2,
    "tag:c:glass_panes": 2,
    "tag:c:glass_blocks": 4
  }
}