{
  "__comment__": "This file was automatically created by mcresources",
  "name": "Lavorazione del vetro",
  "category": "tfc:mechanics",
  "icon": "tfc:silica_glass_bottle",
  "pages": [
    {
      "type": "patchouli:text",
      "text": "La lavorazione del vetro è il processo di trasformazione della sabbia in vetro. Per iniziare, dovrai creare un $(thing)Lotto di Vetro$(), di cui ne esistono quattro tipi:$(br)$(br) 1. $(thing)Silice$(), dalla sabbia bianca.$(br) 2. $(thing)Ematica$(), da sabbia gialla, rossa e rosa.$(br) 3. $(thing)Olivina$(), da sabbia verde e marrone.$(br) 4. $(thing)Vulcanica$(), dalla sabbia nera."
    },
    {
      "type": "patchouli:crafting",
      "title": "Lotto di Vetro in Silice",
      "recipe": "tfc:crafting/silica_glass_batch",
      "text": "I Lotti di Vetro possono essere fabbricati usando uno dei colori di sabbia menzionati precedentemente, più $(l:mechanics/glassworking#lime)Lime$() e un tipo di $(l:mechanics/glassworking#potash)Potassa$()."
    },
    {
      "type": "patchouli:smelting",
      "anchor": "lime",
      "recipe": "tfg:smelting/lime",
      "text": "Il $(thing)Lime$() è uno degli ingredienti richiesti per creare lotti di vetro. E' una polvere ottenuta $(l:mechanics/heating)riscaldando$() del $(l:mechanics/flux)Flux$()."
    },
    {
      "type": "patchouli:smelting",
      "anchor": "potash",
      "recipe": "tfg:smelting/dried_seaweed_to_soda",
      "recipe2": "tfg:smelting/dried_kelp_to_soda",
      "text": "Un tipo di $(thing)Potassa$() o equivalente è richiesto per la creazione di lotti di vetro. La $(thing)Soda$() può essere usata, ed è una polvere creata riscaldando $(thing)Alghe Secche$() o $(thing)Alghe Marine$(). Anche il $(l:tfg_ores/normal_saltpeter)Salnitro$() può essere usato."
    },
    {
      "type": "patchouli:text",
      "text": "La lavorazione del vetro inizia con un lotto di vetro, seguita da una serie di step da completare. Questi step potrebbero richiederi attrezzi specifici:$(br)$(li)Una $(l:mechanics/glassworking#blowpipe)Cerbottana$(), per $(thing)Soffiare$() e $(thing)Allungare$()$(li)Una $(l:mechanics/glassworking#paddle)Paletta$(), per $(thing)Appiattire$()$(li)$(l:mechanics/glassworking#jacks)Pinze$(), per $(thing)Pizzicare$()$(li)Una $(l:mechanics/glassworking#saw)Sega per Gemme$(), per $(thing)Segare$()",
      "title": "Strumenti"
    },
    {
      "type": "tfc:knapping_recipe",
      "anchor": "blowpipe",
      "recipe": "tfc:clay_knapping/blowpipe",
      "text": "L'attrezzo più importante è la $(thing)Canna da Soffio$(). Può essere creata $(thing)dando forma$() all'argilla, per poi cucinarla in una $(thing)Canna da Soffio in Ceramica$()."
    },
    {
      "type": "tfc:anvil_recipe",
      "recipe": "tfc:anvil/blowpipe",
      "text": "Le Canne da Soffio in Ceramica sono fragili, e c'è una possibiltà che si rompano quando vengono usate. Una canna da soffio più resistente può essere $(l:mechanics/anvils#working)forgiata$() da una $(thing)Asta di Ottone$() su una Incudine."
    },
    {
      "type": "patchouli:crafting",
      "anchor": "paddle",
      "recipe": "tfc:crafting/paddle",
      "text": "L'operazoine $(thing)Appiattimento$() può essere fatta con una $(thing)Paletta$(), che è realizzata in legno."
    },
    {
      "type": "tfc:welding_recipe",
      "anchor": "jacks",
      "recipe": "tfc:welding/jacks",
      "text": "L'operazione $(thing)Pizzica$() può essere fatta con delle $(thing)Pinze$(), create saldando due aste di ottone insieme."
    },
    {
      "type": "patchouli:crafting",
      "anchor": "saw",
      "recipe": "tfc:crafting/gem_saw",
      "text": "L'operazione $(thing)Sega$() può essere eseguita con una $(thing)Sega per Gemme$(). La sega per gemme è anche usata per rompere sia $(thing)Blocchi di Vetro$() che $(thing)Pannelli di Vetro$() e ottenerli."
    },
    {
      "type": "patchouli:text",
      "text": "Per prima cosa, il vetro sulla canna da soffio deve essere riscaldato fino a $(4)$(bold)Faint Red$(). Poi, tieni nell'offhand la canna da soffio e tieni premuto $(item)$(k:key.use)$() per eseguire ogni step$().$(br) Usa $(item)$(k:key.swapOffhand)$() per prendere una canna da soffio calda nella tua offhand.$(br2)$(bold)Soffia$()$(br)Usa la $(thing)Canna da Soffio$() guardando avanti.$(br2)$(bold)Allunga$()$(br)Usa la Canna da Soffio$() guardando verso il basso.",
      "title": "Come \"Vetrare\""
    },
    {
      "type": "patchouli:text",
      "text": "$(bold)Appiattire$()$(br)Usa la $(thing)Canna da Soffio$() mentre tieni una $(l:mechanics/glassworking#paddle)Paletta$() della tua mano principale.$(br2)$(bold)Pizzica$(br)Usa la $(thing)Canna da Soffio$() mentre tieni delle $(l:mechanics/glassworking#jacks)Pinze$() nella tua mano principale.$(br2)$(bold)Sega$()$(br)Usa la $(thing)Canna da Soffio$() mentre tieni una $(l:mechanics/glassworking#saw)Sega per Gemme$() nella tua mano principale.$(br2)$(bold)Rotola$()$(br)Usa la $(thing)Canna da Soffio$() mentre tieni un $(l:mechanics/weaving#wool_cloth)Panno di Lana$() nella tua mano principale."
    }
  ],
  "read_by_default": true,
  "extra_recipe_mappings": {
    "tfc:powder/lime": 2,
    "tfc:powder/soda_ash": 3,
    "tfc:paddle": 7,
    "tfc:jacks": 8,
    "tfc:gem_saw": 9
  }
}
