{
	"name": "Automazione di Base",
	"category": "tfc:mechanics",
	"icon": "gtceu:coke_oven",
	"pages": [
		{
			"type": "patchouli:text",
			"title": "Automazione di Base",
			"text": "Stanco di dover continuare a fare giganteschi buchi per la carbonella? Appena avrai del $(l:mechanics/bloomery)Ferro battuto$(), sarai in grado di fare il tuo primo multiblocco Gregtech, il $(item)Forno a Coke$().$(br)Farà diventare tronchi in $()carbonella$() automaticamente, oltre che a migliorare ogni tipo di $(thing)Carbone$() in $(thing)Coke$() che brucia per il doppio del tempo in una $(l:mechanics/charcoal_forge)Forgia$().$(br)Tutte le ricette creano $(thing)Olio di Cresoto$(), che può essere usato come carburante per lampade ed è richiesto per la $(l:mechanics/pumps)Create$()."
		},
		{
			"type": "patchouli:spotlight",
			"title": "Forno a Coke",
			"item": "gtceu:coke_oven,gtceu:coke_oven_bricks,gtceu:coke_oven_hatch",
			"text": "Usa la JEI per un'anteprima di un multiblocco guardando al $(thing)Forno a Coke$() e premendo $(item)$(k:jei.showUses)$(). Puoi cliccare i blocchi individuali per vedere cosa è valido in quella posizione.$(br2)Nota che il centro è cavo, e fino a 5 $(thing)Portelli per Forno a Coke$() possono essere piazzati in qualsiasi punto al posto dei mattoni."
		},
		{
			"type": "patchouli:spotlight",
			"item": "gtceu:tin_small_item_pipe",
			"title": "Tubi per Oggetti",
			"text": "I portelli tireranno automaticamente oggetti dentro di loro e spingeranno fluidi fuori, quindi puoi piazzare $(l:mechanics/crankshaft#crates)Crasse$(), $(l:mechanics/crankshaft#drums)Fusti$(), e $(l:mechanics/barrels)Barili$() direttamente attaccati a loro, ma se vuoi avere più controllo, avrai bisogno dei tubi della Gregtech.$(br2)$(item)I Tubi per Oggetti$() non tireranno da alcun inventario a cui sono attaccati, quindi dovrai usare uno $(thing)Scivolo$() o una $(thing)Tramoggia$() per tirare dall'inventario e spingere nel tubo."
		},
		{
			"type": "patchouli:text",
			"text": "Livelli diversi di tubi possono muovere quantità differenti di oggetti, ma i più economici per iniziare sono i $(item)Tubi in Stagno piccoli$().$(br2)I tubi per oggetti muovono oggetti istantaneamente, dando priorità agli inventari più vicini. Puoi creare tubi a senso unico usando $(thing)Shift-Dasto Destro$() con una $(thing)Chiave Inglese$() e con l'offhand libera.$(br2)Puoi anche controllare quanti oggetti muovere con gli $()Item Filter$(), $(thing)Item Tag Filter$(), e $(thing)Tubi per Oggetti Ristretti$()."
		},
		{
			"type": "patchouli:spotlight",
			"item": "gtceu:wood_normal_fluid_pipe,gtceu:bronze_normal_fluid_pipe",
			"title": "Livelli diversi di tubi possono muovere quantità differenti di oggetti, ma i più economici per iniziare sono i $(item)Tubi in Stagno piccoli$().$(br2)I tubi per oggetti muovono oggetti istantaneamente, dando priorità agli inventari più vicini. Puoi creare tubi a senso unico usando $(thing)Shift-Dasto Destro$() con una $(thing)Chiave Inglese$() e con l'offhand libera.$(br2)Puoi anche controllare quanti oggetti muovere con gli $()Item Filter$(), $(thing)Item Tag Filter$(), e $(thing)Tubi per Oggetti Ristretti$().",
			"text": "I $(item)Tubi per Fluidi$() servono, ovviamente, per muovere fluidi. A differenza dei tubi per oggetti, i tubi per fluidi non muovono i loro contenuti istantaneamente, e \"sguazzeranno\" avanti e indietro, quindi è una buona idea farli tutti a senso unico con $(thing)Shift-Tasto Destro$() con una $(thing)Chiave Inglese$() e l'offhand libera."
		},
		{
			"type": "patchouli:text",
			"text": "Tipi diversi di tubi possono trasportare cose diverse. I $(thing)Tubi in Legno$() non possono trasportare i gas, per esempio, e bruceranno se proverai a mettere qualcosa di caldo dentro di loro. Altri tubi di metallo come quelli in $(thing)Bronzo$() possono sostenere alcune cose calde come Vapore e Lava, ma non gli acidi.$(br2)Prmi shift sopra un tubo per fluidi per vedere cosa può sostenere."
		}
	]
}