{
	"name": "Per iniziare con la Create",
	"category": "tfc:mechanics",
	"icon": "create:cogwheel",
	"pages": [
		{
			"type": "patchouli:text",
			"title": "Per iniziare con la Create",
			"text": "In TerraFirmaGreg, il sistema di meccanica di TFC è stato rimpiazzato con quello della $(thing)Create$().$(br2)Puoi fabbricare alcune cose della Create appena avrai del Ferro Battuto, ma il vero inizio arriva quando avrai accesso ad $(l:mechanics/steel)Acciaio$() e $(thing)Macchinari a Vapore$().$(br2)Per prima cosa, avrai bisogno di una fonte di $(thing)Energia Meccanica$(), o una Ruota ad Acqua, Mulino a Vento o un motore a Vapore. Di queste, le $(thing)Ruote ad Acqua$() sono le più facili per iniziare, basta che le metti in un fiume!$(br)"
		},
		{
			"type": "patchouli:crafting",
			"recipe": "create:crafting/kinetics/water_wheel",
			"recipe2": "create:crafting/kinetics/large_water_wheel"
		},
		{
			"type": "tfc:sealed_barrel_recipe",
			"recipe": "tfg:barrel/treated_wood_planks",
			"text": "Per muovere l'energia meccanica, avrai bisogno di $(thing)Ingranaggi$().$(br)Per crearle, inizia mettendo del $(l:mechanics/mechanical_power)Creosoto$() e qualsiasi $(thing)Asse di Legno$() in un $(l:mechanics/barrels)Barile Sigillato$().$(br)Questo ti darà $(thing)Assi di Legno Trattate$()."
		},
		{
			"type": "patchouli:spotlight",
			"title": "Pasta di Legno Trattato",
			"item": "gtceu:hp_steam_macerator,gtceu:treated_wood_dust",
			"text": "Successivamente, metto quelle assi di legno trattato in un $(thing)Maceratore a Vapore$(). Questo produrrà $(thing)Pasta di Legno Trattato$()."
		},
		{
			"type": "patchouli:spotlight",
			"title": "Assi di Legno Trattato",
			"item": "gtceu:hp_steam_compressor,gtceu:treated_wood_plate",
			"text": "Infine, mettendo la pasta in un $(thing)Compressore a Vapore$() produrrai una $(thing)Tavola di Legno Trattato$().$(br2)Puoi usarle per fabbricare $(item)Ingranaggi$()!"
		},
		{
			"type": "patchouli:crafting",
			"recipe": "tfg:create/shapeless/cogwheel",
			"recipe2": "tfg:create/shaped/large_cogwheel"
		}
	]
}