{
	"format_version": "1.12.0",
	"minecraft:geometry": [
		{
			"description": {
				"identifier": "geometry.unknown",
				"texture_width": 64,
				"texture_height": 64,
				"visible_bounds_width": 7,
				"visible_bounds_height": 3,
				"visible_bounds_offset": [0, 0.5, 0]
			},
			"bones": [
				{
					"name": "camera",
					"pivot": [0, 0, 0]
				},
				{
					"name": "view",
					"pivot": [14, 10, 4]
				},
				{
					"name": "iron_view",
					"parent": "view",
					"pivot": [-0.7, 11.1, 14]
				},
				{
					"name": "idle_view",
					"parent": "view",
					"pivot": [3, 15, 18]
				},
				{
					"name": "refit_view",
					"parent": "view",
					"pivot": [14, 10, 4],
					"rotation": [0, 90, 0]
				},
				{
					"name": "root",
					"pivot": [0, 0, 0]
				},
				{
					"name": "hand_and_ammo",
					"parent": "root",
					"pivot": [8, 6, 24]
				},
				{
					"name": "righthand_pos",
					"parent": "hand_and_ammo",
					"pivot": [3, 7, 24],
					"rotation": [180, 0, 0],
					"cubes": [
						{
							"origin": [6, 7, 22],
							"size": [4, 12, 4],
							"uv": {
								"north": {"uv": [4, 38], "uv_size": [4, 12]},
								"east": {"uv": [0, 38], "uv_size": [4, 12]},
								"south": {"uv": [12, 38], "uv_size": [4, 12]},
								"west": {"uv": [8, 38], "uv_size": [4, 12]},
								"up": {"uv": [4, 34], "uv_size": [4, 4]},
								"down": {"uv": [8, 38], "uv_size": [4, -4]}
							}
						}
					]
				},
				{
					"name": "ammo",
					"parent": "hand_and_ammo",
					"pivot": [-0.95, 9.55, 1.25],
					"cubes": [
						{"origin": [-1.2, 9.3, 1], "size": [0.5, 0.5, 0.5], "uv": [43, 1]}
					]
				},
				{
					"name": "hand_and_gun",
					"parent": "root",
					"pivot": [0, 0, 0]
				},
				{
					"name": "flintlock",
					"parent": "hand_and_gun",
					"pivot": [0, 0, 0]
				},
				{
					"name": "guard",
					"parent": "flintlock",
					"pivot": [-0.75, 0, 0],
					"cubes": [
						{
							"origin": [-1.375, 8.65, 3.6],
							"size": [1.25, 0.25, 2.3],
							"uv": {
								"north": {"uv": [29, 12], "uv_size": [1.5, 0.5]},
								"east": {"uv": [19, 25], "uv_size": [2.5, 0.5]},
								"south": {"uv": [13, 29], "uv_size": [1.5, 0.5]},
								"west": {"uv": [23, 25], "uv_size": [2.5, 0.5]},
								"up": {"uv": [6, 18], "uv_size": [1.5, 2.5]},
								"down": {"uv": [9, 20.5], "uv_size": [1.5, -2.5]}
							}
						},
						{
							"origin": [-1.375, 8.18465, 7.99904],
							"size": [1.25, 0.25, 1.125],
							"inflate": -0.0001,
							"pivot": [-1.625, 8.43465, 9.09904],
							"rotation": [-20, 0, 0],
							"uv": {
								"north": {"uv": [2, 32], "uv_size": [1, 0.5]},
								"east": {"uv": [32, 2], "uv_size": [1, 0.5]},
								"south": {"uv": [8, 32], "uv_size": [1, 0.5]},
								"west": {"uv": [10, 32], "uv_size": [1, 0.5]},
								"up": {"uv": [0, 27], "uv_size": [1, 1]},
								"down": {"uv": [27, 1], "uv_size": [1, -1]}
							}
						},
						{
							"origin": [-1.375, 8.57067, 7.19102],
							"size": [1.25, 0.25, 0.875],
							"pivot": [-1.625, 8.82067, 7.99102],
							"rotation": [-7.5, 0, 0],
							"uv": {
								"north": {"uv": [32, 30], "uv_size": [1, 0.5]},
								"east": {"uv": [32, 32], "uv_size": [1, 0.5]},
								"south": {"uv": [4, 33], "uv_size": [1, 0.5]},
								"west": {"uv": [6, 33], "uv_size": [1, 0.5]},
								"up": {"uv": [27, 2], "uv_size": [1, 1]},
								"down": {"uv": [5, 28], "uv_size": [1, -1]}
							}
						},
						{
							"origin": [-1.375, 8.67723, 6.89023],
							"size": [1.25, 0.25, 0.275],
							"inflate": -0.0001,
							"pivot": [-1.625, 8.67723, 7.16523],
							"rotation": [-55, 0, 0],
							"uv": {
								"north": {"uv": [33, 22], "uv_size": [1, 0.5]},
								"east": {"uv": [14, 35], "uv_size": [0.5, 0.5]},
								"south": {"uv": [24, 33], "uv_size": [1, 0.5]},
								"west": {"uv": [16, 35], "uv_size": [0.5, 0.5]},
								"up": {"uv": [33, 24], "uv_size": [1, 0.5]},
								"down": {"uv": [26, 33.5], "uv_size": [1, -0.5]}
							}
						},
						{
							"origin": [-1.375, 8.65, 5.625],
							"size": [1.25, 0.5, 0.275],
							"inflate": -0.0001,
							"pivot": [-1.5, 8.65, 5.9],
							"rotation": [-60, 0, 0],
							"uv": {
								"north": {"uv": [29, 16], "uv_size": [1.5, 0.5]},
								"east": {"uv": [18, 35], "uv_size": [0.5, 0.5]},
								"south": {"uv": [19, 29], "uv_size": [1.5, 0.5]},
								"west": {"uv": [35, 18], "uv_size": [0.5, 0.5]},
								"up": {"uv": [22, 29], "uv_size": [1.5, 0.5]},
								"down": {"uv": [25, 29.5], "uv_size": [1.5, -0.5]}
							}
						},
						{
							"origin": [-1.375, 8.15, 3.325],
							"size": [1.25, 0.5, 0.275],
							"inflate": -0.0001,
							"pivot": [-1.375, 8.65, 3.6],
							"rotation": [-120, 0, 0],
							"uv": {
								"north": {"uv": [29, 26], "uv_size": [1.5, 0.5]},
								"east": {"uv": [2, 36], "uv_size": [0.5, 0.5]},
								"south": {"uv": [28, 29], "uv_size": [1.5, 0.5]},
								"west": {"uv": [36, 2], "uv_size": [0.5, 0.5]},
								"up": {"uv": [2, 30], "uv_size": [1.5, 0.5]},
								"down": {"uv": [10, 30.5], "uv_size": [1.5, -0.5]}
							}
						},
						{
							"origin": [-0.95, 7.31844, 5.79486],
							"size": [0.375, 0.25, 1.375],
							"uv": {
								"east": {"uv": [29, 14], "uv_size": [1.5, 0.5]},
								"west": {"uv": [16, 29], "uv_size": [1.5, 0.5]},
								"up": {"uv": [0, 29], "uv_size": [0.5, 1.5]},
								"down": {"uv": [8, 30.5], "uv_size": [0.5, -1.5]}
							}
						},
						{
							"origin": [-0.95, 7.37613, 7.35381],
							"size": [0.375, 0.40659, 0.17678],
							"inflate": -0.0001,
							"pivot": [-0.95, 7.78271, 7.28059],
							"rotation": [-45, 0, 0],
							"uv": {
								"north": {"uv": [38, 0], "uv_size": [0.5, 0.5]},
								"east": {"uv": [2, 38], "uv_size": [0.5, 0.5]},
								"south": {"uv": [38, 2], "uv_size": [0.5, 0.5]},
								"west": {"uv": [38, 4], "uv_size": [0.5, 0.5]},
								"up": {"uv": [38, 6], "uv_size": [0.5, 0.5]}
							}
						},
						{
							"origin": [-0.95, 7.14757, 5.52881],
							"size": [0.375, 0.40659, 0.17678],
							"inflate": -0.0001,
							"pivot": [-0.95, 7.55416, 5.45559],
							"rotation": [45, 0, 0],
							"uv": {
								"north": {"uv": [8, 38], "uv_size": [0.5, 0.5]},
								"east": {"uv": [38, 8], "uv_size": [0.5, 0.5]},
								"south": {"uv": [10, 38], "uv_size": [0.5, 0.5]},
								"west": {"uv": [38, 10], "uv_size": [0.5, 0.5]},
								"up": {"uv": [38, 12], "uv_size": [0.5, 0.5]}
							}
						},
						{
							"origin": [-0.95, 7.28255, 5.925],
							"size": [0.375, 0.25, 1.125],
							"pivot": [-0.48125, 8.21556, 6.44037],
							"rotation": [-90, 0, 0],
							"uv": {
								"north": {"uv": [34, 34], "uv_size": [0.5, 0.5]},
								"east": {"uv": [12, 33], "uv_size": [1, 0.5]},
								"south": {"uv": [4, 35], "uv_size": [0.5, 0.5]},
								"west": {"uv": [14, 33], "uv_size": [1, 0.5]},
								"up": {"uv": [16, 33], "uv_size": [0.5, 1]},
								"down": {"uv": [18, 34], "uv_size": [0.5, -1]}
							}
						},
						{
							"origin": [-0.95, 7.19727, 6],
							"size": [0.375, 0.25, 1.125],
							"pivot": [-0.48125, 8.13029, 6.52435],
							"rotation": [90, 0, 0],
							"uv": {
								"north": {"uv": [6, 35], "uv_size": [0.5, 0.5]},
								"east": {"uv": [33, 18], "uv_size": [1, 0.5]},
								"south": {"uv": [12, 35], "uv_size": [0.5, 0.5]},
								"west": {"uv": [20, 33], "uv_size": [1, 0.5]},
								"up": {"uv": [33, 20], "uv_size": [0.5, 1]},
								"down": {"uv": [22, 34], "uv_size": [0.5, -1]}
							}
						},
						{
							"origin": [-1.375, 8.19973, 9.01353],
							"size": [1.25, 0.25, 0.5],
							"pivot": [-1.375, 8.19973, 9.01353],
							"rotation": [-19.5, 0, 0],
							"uv": {
								"north": {"uv": [32, 12], "uv_size": [1, 0.5]},
								"east": {"uv": [32, 34], "uv_size": [0.5, 0.5]},
								"south": {"uv": [32, 14], "uv_size": [1, 0.5]},
								"west": {"uv": [34, 32], "uv_size": [0.5, 0.5]},
								"up": {"uv": [32, 16], "uv_size": [1, 0.5]},
								"down": {"uv": [32, 26.5], "uv_size": [1, -0.5]}
							}
						}
					]
				},
				{
					"name": "trigger",
					"parent": "flintlock",
					"pivot": [-0.825, 9, 6.6],
					"cubes": [
						{
							"origin": [-0.825, 8.5, 6.6],
							"size": [0.25, 0.5, 0.125],
							"pivot": [-0.825, 9, 6.6],
							"rotation": [15, 0, 0],
							"uv": {
								"north": {"uv": [20, 35], "uv_size": [0.5, 0.5]},
								"east": {"uv": [35, 20], "uv_size": [0.5, 0.5]},
								"south": {"uv": [22, 35], "uv_size": [0.5, 0.5]},
								"west": {"uv": [35, 22], "uv_size": [0.5, 0.5]},
								"up": {"uv": [24, 35], "uv_size": [0.5, 0.5]},
								"down": {"uv": [35, 24.5], "uv_size": [0.5, -0.5]}
							}
						},
						{
							"origin": [-0.825, 8.11421, 6.81675],
							"size": [0.25, 0.5, 0.125],
							"inflate": -0.0001,
							"pivot": [-0.825, 9, 6.6],
							"rotation": [-12.5, 0, 0],
							"uv": {
								"north": {"uv": [26, 35], "uv_size": [0.5, 0.5]},
								"east": {"uv": [28, 35], "uv_size": [0.5, 0.5]},
								"south": {"uv": [35, 28], "uv_size": [0.5, 0.5]},
								"west": {"uv": [30, 35], "uv_size": [0.5, 0.5]},
								"up": {"uv": [0, 36], "uv_size": [0.5, 0.5]},
								"down": {"uv": [36, 0.5], "uv_size": [0.5, -0.5]}
							}
						}
					]
				},
				{
					"name": "plates",
					"parent": "flintlock",
					"pivot": [-0.2, 0, 0],
					"cubes": [
						{
							"origin": [-0.025, 9.375, 5.7],
							"size": [0.125, 0.25, 0.25],
							"pivot": [-0.825, 9.625, 5.95],
							"rotation": [-45, 0, 0],
							"uv": {
								"north": {"uv": [36, 36], "uv_size": [0.5, 0.5]},
								"east": {"uv": [4, 37], "uv_size": [0.5, 0.5]},
								"south": {"uv": [6, 37], "uv_size": [0.5, 0.5]},
								"west": {"uv": [12, 37], "uv_size": [0.5, 0.5]},
								"up": {"uv": [14, 37], "uv_size": [0.5, 0.5]},
								"down": {"uv": [16, 37.5], "uv_size": [0.5, -0.5]}
							}
						},
						{
							"origin": [-1.5625, 9.1, 4.2],
							"size": [1.625, 1, 3.3],
							"inflate": -0.0001,
							"uv": {
								"north": {"uv": [9, 25], "uv_size": [1.5, 1]},
								"east": {"uv": [19, 0], "uv_size": [3.5, 1]},
								"south": {"uv": [25, 10], "uv_size": [1.5, 1]},
								"west": {"uv": [19, 2], "uv_size": [3.5, 1]},
								"up": {"uv": [7, 13], "uv_size": [1.5, 3.5]},
								"down": {"uv": [0, 17.5], "uv_size": [1.5, -3.5]}
							}
						},
						{
							"origin": [-1.6, 9.075, 4.625],
							"size": [0.125, 0.25, 0.25],
							"pivot": [-0.7, 9.325, 4.875],
							"rotation": [-45, 0, 0],
							"uv": {
								"north": {"uv": [18, 37], "uv_size": [0.5, 0.5]},
								"east": {"uv": [37, 18], "uv_size": [0.5, 0.5]},
								"south": {"uv": [20, 37], "uv_size": [0.5, 0.5]},
								"west": {"uv": [37, 20], "uv_size": [0.5, 0.5]},
								"up": {"uv": [22, 37], "uv_size": [0.5, 0.5]},
								"down": {"uv": [37, 22.5], "uv_size": [0.5, -0.5]}
							}
						}
					]
				},
				{
					"name": "hammer",
					"parent": "flintlock",
					"pivot": [-0.825, 9.625, 6.625],
					"rotation": [7.5, 0, 0],
					"cubes": [
						{
							"origin": [-1.75, 9.375, 6.375],
							"size": [1.85, 0.5, 0.5],
							"pivot": [-0.825, 9.625, 6.625],
							"rotation": [-45, 0, 0],
							"uv": {
								"north": {"uv": [7, 27], "uv_size": [2, 0.5]},
								"east": {"uv": [36, 12], "uv_size": [0.5, 0.5]},
								"south": {"uv": [14, 27], "uv_size": [2, 0.5]},
								"west": {"uv": [36, 14], "uv_size": [0.5, 0.5]},
								"up": {"uv": [17, 27], "uv_size": [2, 0.5]},
								"down": {"uv": [27, 18.5], "uv_size": [2, -0.5]}
							}
						},
						{
							"origin": [-1.825, 10.40282, 7.04926],
							"size": [0.125, 0.5, 0.25],
							"pivot": [-1.825, 10.40282, 7.04926],
							"rotation": [45, 0, 0],
							"uv": {
								"north": {"uv": [36, 16], "uv_size": [0.5, 0.5]},
								"east": {"uv": [36, 26], "uv_size": [0.5, 0.5]},
								"west": {"uv": [36, 30], "uv_size": [0.5, 0.5]},
								"up": {"uv": [32, 36], "uv_size": [0.5, 0.5]},
								"down": {"uv": [36, 32.5], "uv_size": [0.5, -0.5]}
							}
						},
						{
							"origin": [-1.825, 10.75637, 7.40282],
							"size": [0.125, 0.375, 0.25],
							"pivot": [-1.825, 10.75637, 7.40282],
							"rotation": [45, 0, 0],
							"uv": {
								"east": {"uv": [38, 26], "uv_size": [0.5, 0.5]},
								"south": {"uv": [38, 30], "uv_size": [0.5, 0.5]},
								"west": {"uv": [32, 38], "uv_size": [0.5, 0.5]},
								"up": {"uv": [38, 32], "uv_size": [0.5, 0.5]},
								"down": {"uv": [34, 38.5], "uv_size": [0.5, -0.5]}
							}
						},
						{
							"origin": [-1.825, 10.45459, 7.22604],
							"size": [0.125, 0.875, 0.25],
							"pivot": [-1.825, 10.57959, 7.22604],
							"rotation": [45, 0, 0],
							"uv": {
								"north": {"uv": [34, 10], "uv_size": [0.5, 1]},
								"east": {"uv": [34, 12], "uv_size": [0.5, 1]},
								"south": {"uv": [34, 14], "uv_size": [0.5, 1]},
								"west": {"uv": [34, 16], "uv_size": [0.5, 1]},
								"up": {"uv": [38, 14], "uv_size": [0.5, 0.5]},
								"down": {"uv": [38, 16.5], "uv_size": [0.5, -0.5]}
							}
						},
						{
							"origin": [-1.75, 9.30282, 6.79926],
							"size": [0.125, 1.1, 0.25],
							"pivot": [-1.825, 10.40282, 7.04926],
							"rotation": [-45, 0, 0],
							"uv": {
								"north": {"uv": [34, 0], "uv_size": [0.5, 1]},
								"east": {"uv": [2, 34], "uv_size": [0.5, 1]},
								"south": {"uv": [34, 2], "uv_size": [0.5, 1]},
								"west": {"uv": [34, 4], "uv_size": [0.5, 1]},
								"up": {"uv": [34, 36], "uv_size": [0.5, 0.5]},
								"down": {"uv": [36, 34.5], "uv_size": [0.5, -0.5]}
							}
						}
					]
				},
				{
					"name": "flap",
					"parent": "flintlock",
					"pivot": [-1.6625, 9.9, 5.1],
					"rotation": [-7.5, 0, 0],
					"cubes": [
						{
							"origin": [-1.725, 9.775, 4.975],
							"size": [0.225, 0.25, 0.25],
							"uv": {
								"north": {"uv": [24, 37], "uv_size": [0.5, 0.5]},
								"east": {"uv": [37, 24], "uv_size": [0.5, 0.5]},
								"south": {"uv": [26, 37], "uv_size": [0.5, 0.5]},
								"west": {"uv": [28, 37], "uv_size": [0.5, 0.5]},
								"up": {"uv": [37, 28], "uv_size": [0.5, 0.5]},
								"down": {"uv": [30, 37.5], "uv_size": [0.5, -0.5]}
							}
						},
						{
							"origin": [-1.725, 10.025, 4.975],
							"size": [0.125, 1.2, 0.25],
							"uv": {
								"north": {"uv": [34, 6], "uv_size": [0.5, 1]},
								"east": {"uv": [8, 34], "uv_size": [0.5, 1]},
								"south": {"uv": [34, 8], "uv_size": [0.5, 1]},
								"west": {"uv": [10, 34], "uv_size": [0.5, 1]},
								"up": {"uv": [0, 38], "uv_size": [0.5, 0.5]}
							}
						}
					]
				},
				{
					"name": "Main",
					"parent": "flintlock",
					"pivot": [-0.75, 9.05143, 5.11977],
					"cubes": [
						{
							"origin": [-1.5, 9, -2],
							"size": [1.5, 1.25, 4.9],
							"inflate": 0.0001,
							"uv": {
								"north": {"uv": [19, 10], "uv_size": [1.5, 1.5]},
								"east": {"uv": [4, 4], "uv_size": [5, 1.5]},
								"west": {"uv": [4, 7], "uv_size": [5, 1.5]},
								"up": {"uv": [10, 0], "uv_size": [1.5, 5]},
								"down": {"uv": [4, 15], "uv_size": [1.5, -5]}
							}
						},
						{
							"origin": [-1.5001, 8.90426, 0.40019],
							"size": [1.5, 0.125, 2.5],
							"inflate": -0.0002,
							"pivot": [-0.7501, 8.90426, 2.80019],
							"rotation": [-2.5, 0, 0],
							"uv": {
								"north": {"uv": [27, 24], "uv_size": [1.5, 0.5]},
								"east": {"uv": [25, 12], "uv_size": [2.5, 0.5]},
								"south": {"uv": [26, 27], "uv_size": [1.5, 0.5]},
								"west": {"uv": [25, 14], "uv_size": [2.5, 0.5]},
								"up": {"uv": [10, 14], "uv_size": [1.5, 2.5]},
								"down": {"uv": [13, 16.5], "uv_size": [1.5, -2.5]}
							}
						},
						{
							"origin": [-1.5, 8.9, 2.875],
							"size": [1.5, 1.35, 4.125],
							"uv": {
								"north": {"uv": [19, 13], "uv_size": [1.5, 1.5]},
								"east": {"uv": [10, 6], "uv_size": [4, 1.5]},
								"south": {"uv": [15, 19], "uv_size": [1.5, 1.5]},
								"west": {"uv": [7, 10], "uv_size": [4, 1.5]},
								"up": {"uv": [12, 9], "uv_size": [1.5, 4]},
								"down": {"uv": [13, 4], "uv_size": [1.5, -4]}
							}
						},
						{
							"origin": [-1.5, 10.25, 5.6],
							"size": [1.5, 0.5, 1.375],
							"uv": {
								"north": {"uv": [2, 28], "uv_size": [1.5, 0.5]},
								"east": {"uv": [28, 4], "uv_size": [1.5, 0.5]},
								"south": {"uv": [28, 6], "uv_size": [1.5, 0.5]},
								"west": {"uv": [28, 8], "uv_size": [1.5, 0.5]},
								"up": {"uv": [19, 16], "uv_size": [1.5, 1.5]}
							}
						},
						{
							"origin": [-1.5, 9.15, 6.975],
							"size": [1.5, 1.6, 1.375],
							"inflate": -0.0002,
							"pivot": [-0.75, 10.75, 6.975],
							"rotation": [-17.5, 0, 0],
							"uv": {
								"north": {"uv": [18, 19], "uv_size": [1.5, 1.5]},
								"east": {"uv": [3, 20], "uv_size": [1.5, 1.5]},
								"south": {"uv": [12, 21], "uv_size": [1.5, 1.5]},
								"west": {"uv": [21, 19], "uv_size": [1.5, 1.5]},
								"up": {"uv": [0, 22], "uv_size": [1.5, 1.5]},
								"down": {"uv": [22, 5.5], "uv_size": [1.5, -1.5]}
							}
						},
						{
							"origin": [-1.5, 8.95963, 8.29593],
							"size": [1.5, 1.375, 1.375],
							"pivot": [-0.75, 10.35963, 8.29593],
							"rotation": [-22.5, 0, 0],
							"uv": {
								"north": {"uv": [6, 22], "uv_size": [1.5, 1.5]},
								"east": {"uv": [22, 7], "uv_size": [1.5, 1.5]},
								"south": {"uv": [9, 22], "uv_size": [1.5, 1.5]},
								"west": {"uv": [22, 10], "uv_size": [1.5, 1.5]},
								"up": {"uv": [22, 13], "uv_size": [1.5, 1.5]},
								"down": {"uv": [15, 23.5], "uv_size": [1.5, -1.5]}
							}
						},
						{
							"origin": [-1.5, 8.41034, 9.5567],
							"size": [1.5, 1.4, 2.25],
							"inflate": 0.0002,
							"pivot": [-0.75, 9.81034, 9.5567],
							"rotation": [-40, 0, 0],
							"uv": {
								"north": {"uv": [22, 16], "uv_size": [1.5, 1.5]},
								"east": {"uv": [15, 5], "uv_size": [2.5, 1.5]},
								"south": {"uv": [18, 22], "uv_size": [1.5, 1.5]},
								"west": {"uv": [15, 8], "uv_size": [2.5, 1.5]},
								"up": {"uv": [16, 0], "uv_size": [1.5, 2.5]},
								"down": {"uv": [3, 18.5], "uv_size": [1.5, -2.5]}
							}
						},
						{
							"origin": [-1.5, 6.56407, 11.2803],
							"size": [1.5, 1.8, 1.375],
							"pivot": [-0.75, 8.36407, 11.2803],
							"rotation": [-55, 0, 0],
							"uv": {
								"north": {"uv": [12, 18], "uv_size": [1.5, 2]},
								"east": {"uv": [0, 19], "uv_size": [1.5, 2]},
								"south": {"uv": [19, 4], "uv_size": [1.5, 2]},
								"west": {"uv": [19, 7], "uv_size": [1.5, 2]},
								"up": {"uv": [21, 22], "uv_size": [1.5, 1.5]},
								"down": {"uv": [3, 24.5], "uv_size": [1.5, -1.5]}
							}
						},
						{
							"origin": [-1.5, 7.33163, 8.93082],
							"size": [1.5, 0.5, 0.875],
							"inflate": -0.0001,
							"pivot": [-0.75, 7.33163, 9.80582],
							"rotation": [-65, 0, 0],
							"uv": {
								"north": {"uv": [10, 28], "uv_size": [1.5, 0.5]},
								"east": {"uv": [31, 28], "uv_size": [1, 0.5]},
								"south": {"uv": [28, 10], "uv_size": [1.5, 0.5]},
								"west": {"uv": [30, 31], "uv_size": [1, 0.5]},
								"up": {"uv": [24, 21], "uv_size": [1.5, 1]},
								"down": {"uv": [24, 24], "uv_size": [1.5, -1]}
							}
						},
						{
							"origin": [-1.5, 7.33163, 9.80582],
							"size": [1.5, 0.5811, 1.24617],
							"inflate": -0.0001,
							"pivot": [-0.75, 7.33163, 9.80582],
							"rotation": [-80, 0, 0],
							"uv": {
								"north": {"uv": [29, 2], "uv_size": [1.5, 0.5]},
								"east": {"uv": [0, 32], "uv_size": [1, 0.5]},
								"south": {"uv": [5, 29], "uv_size": [1.5, 0.5]},
								"west": {"uv": [32, 0], "uv_size": [1, 0.5]},
								"up": {"uv": [0, 25], "uv_size": [1.5, 1]},
								"down": {"uv": [25, 5], "uv_size": [1.5, -1]}
							}
						},
						{
							"origin": [-1.5, 8.43772, 5.19044],
							"size": [1.5, 0.375, 2.25],
							"inflate": 0.0001,
							"pivot": [-0.75, 8.83772, 7.16544],
							"rotation": [167.5, 0, 0],
							"uv": {
								"east": {"uv": [15, 25], "uv_size": [2.5, 0.5]},
								"south": {"uv": [29, 0], "uv_size": [1.5, 0.5]},
								"west": {"uv": [25, 16], "uv_size": [2.5, 0.5]},
								"up": {"uv": [16, 11], "uv_size": [1.5, 2.5]},
								"down": {"uv": [16, 17.5], "uv_size": [1.5, -2.5]}
							}
						},
						{
							"origin": [-1.5, 9.99163, -2.76091],
							"size": [1.5, 0.25837, 0.78591],
							"inflate": -0.0002,
							"uv": {
								"north": {"uv": [20, 27], "uv_size": [1.5, 0.5]},
								"east": {"uv": [22, 31], "uv_size": [1, 0.5]},
								"west": {"uv": [24, 31], "uv_size": [1, 0.5]},
								"up": {"uv": [24, 0], "uv_size": [1.5, 1]},
								"down": {"uv": [24, 3], "uv_size": [1.5, -1]}
							}
						},
						{
							"origin": [-1.5, 9.54163, -2.36091],
							"size": [1.5, 0.475, 0.38591],
							"inflate": -0.001,
							"uv": {
								"north": {"uv": [27, 22], "uv_size": [1.5, 0.5]},
								"east": {"uv": [34, 26], "uv_size": [0.5, 0.5]},
								"west": {"uv": [34, 30], "uv_size": [0.5, 0.5]},
								"down": {"uv": [23, 27.5], "uv_size": [1.5, -0.5]}
							}
						},
						{
							"origin": [-1.5, 9.44734, -2.91959],
							"size": [1.5, 0.33625, 1.24992],
							"inflate": -0.0001,
							"pivot": [-0.75, 9.55859, -2.28839],
							"rotation": [-52.5, 0, 0],
							"uv": {
								"east": {"uv": [26, 31], "uv_size": [1, 0.5]},
								"south": {"uv": [27, 20], "uv_size": [1.5, 0.5]},
								"west": {"uv": [28, 31], "uv_size": [1, 0.5]},
								"up": {"uv": [12, 24], "uv_size": [1.5, 1]},
								"down": {"uv": [24, 20], "uv_size": [1.5, -1]}
							}
						}
					]
				},
				{
					"name": "barrel",
					"parent": "flintlock",
					"pivot": [0.025, -0.025, 0],
					"cubes": [
						{
							"origin": [-1.2, 9.725, -3.3],
							"size": [0.875, 0.875, 8.9],
							"pivot": [-0.7375, 10.1625, 1.15],
							"rotation": [0, 0, 45],
							"uv": {
								"north": {"uv": [3, 26], "uv_size": [1, 1]},
								"east": {"uv": [0, 0], "uv_size": [9, 1]},
								"south": {"uv": [12, 26], "uv_size": [1, 1]},
								"west": {"uv": [0, 2], "uv_size": [9, 1]},
								"up": {"uv": [0, 4], "uv_size": [1, 9]},
								"down": {"uv": [2, 13], "uv_size": [1, -9]}
							}
						}
					]
				},
				{
					"name": "muzzle_flash",
					"parent": "barrel",
					"pivot": [-0.8, 10.2, -3.5]
				},
				{
					"name": "constraint",
					"parent": "flintlock",
					"pivot": [-0.8, 11, -3.1]
				},
				{
					"name": "lefthand_pos",
					"parent": "hand_and_gun",
					"pivot": [4.775, 6.125, 19],
					"rotation": [87.5, 0, 0],
					"cubes": [
						{
							"origin": [-3.225, 6.125, 17],
							"size": [4, 12, 4],
							"uv": {
								"north": {"uv": [4, 38], "uv_size": [4, 12]},
								"east": {"uv": [0, 38], "uv_size": [4, 12]},
								"south": {"uv": [12, 38], "uv_size": [4, 12]},
								"west": {"uv": [8, 38], "uv_size": [4, 12]},
								"up": {"uv": [4, 34], "uv_size": [4, 4]},
								"down": {"uv": [8, 38], "uv_size": [4, -4]}
							}
						}
					]
				},
				{
					"name": "positioning",
					"pivot": [0, 0, 0]
				},
				{
					"name": "ground",
					"parent": "positioning",
					"pivot": [0, 6.9, 4]
				},
				{
					"name": "fixed",
					"parent": "positioning",
					"pivot": [0.1, 11, 6],
					"rotation": [0, 90, 0]
				},
				{
					"name": "thirdperson_hand",
					"parent": "positioning",
					"pivot": [-0.7, 8, 7]
				}
			]
		}
	]
}