{
    "name": "Topazio & Chalcocite",
    "icon": "gtceu:topaz_gem",
    "category": "tfc:tfg_ores",
    "read_by_default": true,
    "pages": [
        {
            "type": "patchouli:text",
            "text": "Rarità: 260$(br)Densità: 0.3$(br)Tipo: Vena a Disco$(br)Y: -64 - 26$(br)Grandezza: 28$(br2)Tipo di Roccia: Quarzite, Ardesia, Fillite, Scisto, Gneiss, Marmo$(br2)Indicatori: Topazio, Topazio Blu, Chalcocite, Bornite"
        },
        {
            "type": "patchouli:multiblock",
            "name": "Topazio",
            "multiblock": {
                "mapping": {
                    "0": "#forge:ores/topaz"
                },
                "pattern": [
                    [
                        "0"
                    ],
                    [
                        " "
                    ]
                ]
            },
            "enable_visualize": false,
            "text": "Percentuale: 25%$(br)Fonte di: Alluminio, Fluoro$(br)Formula: Al₂SiFH₂"
        },
        {
            "type": "patchouli:multiblock",
            "name": "Topazio Blu",
            "multiblock": {
                "mapping": {
                    "0": "#forge:ores/blue_topaz"
                },
                "pattern": [
                    [
                        "0"
                    ],
                    [
                        " "
                    ]
                ]
            },
            "enable_visualize": false,
            "text": "Percentuale: 35%$(br)Fonte di: Alluminio, Fluoro$(br)Formula: Al₂SiF₂H₂O₆"
        },
        {
            "type": "patchouli:multiblock",
            "name": "Chalcocite",
            "multiblock": {
                "mapping": {
                    "0": "#forge:ores/chalcocite"
                },
                "pattern": [
                    [
                        "0"
                    ],
                    [
                        " "
                    ]
                ]
            },
            "enable_visualize": false,
            "text": "Percentuale: 25%$(br)Si fonde in: Rame$(br)Formula: Cu₂S"
        },
        {
            "type": "patchouli:multiblock",
            "name": "Bornite",
            "multiblock": {
                "mapping": {
                    "0": "#forge:ores/bornite"
                },
                "pattern": [
                    [
                        "0"
                    ],
                    [
                        " "
                    ]
                ]
            },
            "enable_visualize": false,
            "text": "Percentuale: 15%$(br)Si fonde in: Rame$(br)Formula: Cu₅FeS₄"
        }
    ]
}