{
    "name": "Naquadah & Plutonio",
    "icon": "gtceu:rich_raw_naquadah",
    "category": "tfc:tfg_ores",
    "read_by_default": true,
    "pages": [
        {
            "type": "patchouli:text",
            "text": "Rarità: 310$(br)Densità: 0.3$(br)Tipo: Vena a Grappolo$(br)Y: -64 - -20$(br)Grandezza: 32$(br2)Tipo di Roccia: Quarzite, Ardesia, Fillite, Scisto, Gneiss, Marmo$(br2)Indicatori: Naquadah, Plutonio"
        },
        {
            "type": "patchouli:multiblock",
            "name": "Naquadah",
            "multiblock": {
                "mapping": {
                    "0": "#forge:ores/naquadah"
                },
                "pattern": [
                    [
                        "0"
                    ],
                    [
                        " "
                    ]
                ]
            },
            "enable_visualize": false,
            "text": "Percentuale: 75%$(br)Fonte di: Naquadah$(br)Formula: Nq"
        },
        {
            "type": "patchouli:multiblock",
            "name": "Plutonio",
            "multiblock": {
                "mapping": {
                    "0": "#forge:ores/plutonium"
                },
                "pattern": [
                    [
                        "0"
                    ],
                    [
                        " "
                    ]
                ]
            },
            "enable_visualize": false,
            "text": "Percentuale: 25%$(br)Fonte di: Plutonio$(br)Formula: Pu²³⁹$(br)Pericoloso: Sì"
        }
    ]
}