{
    "name": "Ametista & Garnet",
    "icon": "minecraft:amethyst_shard",
    "category": "tfc:tfg_ores",
    "read_by_default": true,
    "pages": [
        {
            "type": "patchouli:text",
            "text": "Rarità: 230$(br)Densità: 0.25$(br)Tipo: Vena a Disco$(br)Y: -64 - 26$(br)Dimensione: 28$(br)Altezza: 8$(br2)Tipo di Roccia: Quarzite, Ardesia, Fillite, Scisto, Gneiss, Marmo, Shale, Argillite, Calce, Conglomerato, Dolomite, Chert, Gesso$(br2)Indicatori: Gemma di Ametista"
        },
        {
            "type": "patchouli:multiblock",
            "name": "Ametista",
            "multiblock": {
                "mapping": {
                    "0": "#forge:ores/amethyst"
                },
                "pattern": [
                    [
                        "0"
                    ],
                    [
                        " "
                    ]
                ]
            },
            "enable_visualize": false,
            "text": "Percentuale: 65%$(br)Fonte di: Ferro$(br)Formula: (SiO₂)₄Fe"
        },
        {
            "type": "patchouli:multiblock",
            "name": "Opale",
            "multiblock": {
                "mapping": {
                    "0": "#forge:ores/opal"
                },
                "pattern": [
                    [
                        "0"
                    ],
                    [
                        " "
                    ]
                ]
            },
            "enable_visualize": false,
            "text": "Percentuale: 15%$(br)Formula: (SiO₂)"
        },
        {
            "type": "patchouli:multiblock",
            "name": "Garnet Rossa",
            "multiblock": {
                "mapping": {
                    "0": "#forge:ores/red_garnet"
                },
                "pattern": [
                    [
                        "0"
                    ],
                    [
                        " "
                    ]
                ]
            },
            "enable_visualize": false,
            "text": "Percentuale: 5%$(br)Fonte di: Piropo Almandino, Spessartina"
        },
        {
            "type": "patchouli:multiblock",
            "name": "Garnet Gialla",
            "multiblock": {
                "mapping": {
                    "0": "#forge:ores/yellow_garnet"
                },
                "pattern": [
                    [
                        "0"
                    ],
                    [
                        " "
                    ]
                ]
            },
            "enable_visualize": false,
            "text": "Percentuale: 15%$(br)Fonte di: Andradite, Grossularia, Uvarovite"
        }
    ]
}