{
    "name": "Oro (Profondo)",
    "icon": "gtceu:rich_raw_gold",
    "category": "tfc:tfg_ores",
    "read_by_default": true,
    "pages": [
        {
            "type": "patchouli:text",
            "text": "Rarità: 260$(br)Densità:0.45$(br)Tipo: Vena a Grappolo$(br)Y: -64 - 30$(br)Dimensione: 32$(br2)Tipo di Roccia: Riolite, Basalto, Andesite, Dacite, Granito, Diorite, Gabbro$(br2)Indicatori: Limonite, Ematite, Oro Nativo"
        },
        {
            "type": "patchouli:multiblock",
            "name": "Oro",
            "multiblock": {
                "mapping": {
                    "0": "#forge:ores/gold"
                },
                "pattern": [
                    [
                        "0"
                    ],
                    [
                        " "
                    ]
                ]
            },
            "enable_visualize": false,
            "text": "Percentuale: 75%$(br)Si fonde in: Oro$(br)Formula: Au"
        },
        {
            "type": "patchouli:multiblock",
            "name": "Limonite Gialla",
            "multiblock": {
                "mapping": {
                    "0": "#forge:ores/yellow_limonite"
                },
                "pattern": [
                    [
                        "0"
                    ],
                    [
                        " "
                    ]
                ]
            },
            "enable_visualize": false,
            "text": "Percentuale: 5%$(br)Si fonde in: Ghisa$(br)Formula: FeHO₂"
        },
        {
            "type": "patchouli:multiblock",
            "name": "Ematite",
            "multiblock": {
                "mapping": {
                    "0": "#forge:ores/hematite"
                },
                "pattern": [
                    [
                        "0"
                    ],
                    [
                        " "
                    ]
                ]
            },
            "enable_visualize": false,
            "text": "Percentuale: 15%$(br)Si fonde in: Ghisa$(br)Formula: Fe₂O₃"
        },
        {
            "type": "patchouli:multiblock",
            "name": "Goethite",
            "multiblock": {
                "mapping": {
                    "0": "#forge:ores/goethite"
                },
                "pattern": [
                    [
                        "0"
                    ],
                    [
                        " "
                    ]
                ]
            },
            "enable_visualize": false,
            "text": "Percentuale: 5%$(br)Si fonde in: Ghisa$(br)Formula: FeHO₂"
        }
    ]
}