{
    "name": "Scheelite & Tungstato",
    "icon": "gtceu:rich_raw_scheelite",
    "category": "tfc:tfg_ores",
    "read_by_default": true,
    "pages": [
        {
            "type": "patchouli:text",
            "text": "Rarità: 220$(br)Densità: 0.35$(br)Tipo: Vena a Grappolo$(br)Y: -64 - 0$(br)Grandezza: 28$(br2)Tipo di Roccia: Granito, Diorite, Gabbro$(br2)Indicatori: Scheelite, Tungstato, Litio"
        },
        {
            "type": "patchouli:multiblock",
            "name": "Scheelite",
            "multiblock": {
                "mapping": {
                    "0": "#forge:ores/scheelite"
                },
                "pattern": [
                    [
                        "0"
                    ],
                    [
                        " "
                    ]
                ]
            },
            "enable_visualize": false,
            "text": "Percentuale: 45%$(br)Fonte di: Tungsteno$(br)Formula: Ca(WO₃)O"
        },
        {
            "type": "patchouli:multiblock",
            "name": "Tungstato",
            "multiblock": {
                "mapping": {
                    "0": "#forge:ores/tungstate"
                },
                "pattern": [
                    [
                        "0"
                    ],
                    [
                        " "
                    ]
                ]
            },
            "enable_visualize": false,
            "text": "Percentuale: 35%$(br)Fonte di: Tungsteno, Litio$(br)Formula: Li₂(WO₃)O"
        },
        {
            "type": "patchouli:multiblock",
            "name": "Litio",
            "multiblock": {
                "mapping": {
                    "0": "#forge:ores/lithium"
                },
                "pattern": [
                    [
                        "0"
                    ],
                    [
                        " "
                    ]
                ]
            },
            "enable_visualize": false,
            "text": "Percentuale: 20%$(br)Fonte di: Litio$(br)Formula: Li"
        }
    ]
}
