{
    "name": "Sheldonite & Bornite",
    "icon": "gtceu:rich_raw_platinum",
    "category": "tfc:tfg_ores",
    "read_by_default": true,
    "pages": [
        {
            "type": "patchouli:text",
            "text": "Rarità: 300$(br)Densità: 0.3$(br)Tipo: Vena a Grappolo$(br)Y: -64 - 0$(br)Grandezza: 30$(br2)Tipo di Roccia: Quarzite, Ardesia, Fillite, Scisto, Gneiss, Marmo$(br2)Indicatori: Bornite, Cooperite, Platino, Palladio"
        },
        {
            "type": "patchouli:multiblock",
            "name": "Scheldonite",
            "multiblock": {
                "mapping": {
                    "0": "#forge:ores/cooperite"
                },
                "pattern": [
                    [
                        "0"
                    ],
                    [
                        " "
                    ]
                ]
            },
            "enable_visualize": false,
            "text": "Percentuale: 25%$(br)Fonte di: Platino, Nickel, Palladio$(br)Formula: Pt₃NiSPd"
        },
        {
            "type": "patchouli:multiblock",
            "name": "Platino",
            "multiblock": {
                "mapping": {
                    "0": "#forge:ores/platinum"
                },
                "pattern": [
                    [
                        "0"
                    ],
                    [
                        " "
                    ]
                ]
            },
            "enable_visualize": false,
            "text": "Percentuale: 25%$(br)Si fonde in: Platino$(br)Formula: Pt"
        },
        {
            "type": "patchouli:multiblock",
            "name": "Palladio",
            "multiblock": {
                "mapping": {
                    "0": "#forge:ores/palladium"
                },
                "pattern": [
                    [
                        "0"
                    ],
                    [
                        " "
                    ]
                ]
            },
            "enable_visualize": false,
            "text": "Percentuale: 15%$(br)Fonte di: Palladio$(br)Formula: Pd"
        },
        {
            "type": "patchouli:multiblock",
            "name": "Bornite",
            "multiblock": {
                "mapping": {
                    "0": "#forge:ores/bornite"
                },
                "pattern": [
                    [
                        "0"
                    ],
                    [
                        " "
                    ]
                ]
            },
            "enable_visualize": false,
            "text": "Percentuale: 35%$(br)Si fonde in: Rame$(br)Formula: Cu₅FeS₄"
        }
    ]
}