{
    "name": "Cromite & Magnetite",
    "icon": "gtceu:rich_raw_chromite",
    "category": "tfc:tfg_ores",
    "read_by_default": true,
    "pages": [
        {
            "type": "patchouli:text",
            "text": "Rarità: 205$(br)Densità: 0.3$(br)Tipo: Vena a Grappolo$(br)Y: -64 - 30$(br)Grandezza: 340$(br2)Tipo di Roccia: Shale, Argillite, Calce, Conglomerato, Dolomite, Chert, Gesso$(br2)Indicatori: Magnetite, Oro Nativo, Cromite, Zaffiro"
        },
        {
            "type": "patchouli:multiblock",
            "name": "Cromite",
            "multiblock": {
                "mapping": {
                    "0": "#forge:ores/chromite"
                },
                "pattern": [
                    [
                        "0"
                    ],
                    [
                        " "
                    ]
                ]
            },
            "enable_visualize": false,
            "text": "Percentuale: 60%$(br)Fonte di: Cromo$(br)Formula: FeCr₂O₄"
        },
        {
            "type": "patchouli:multiblock",
            "name": "Magnetite",
            "multiblock": {
                "mapping": {
                    "0": "#forge:ores/magnetite"
                },
                "pattern": [
                    [
                        "0"
                    ],
                    [
                        " "
                    ]
                ]
            },
            "enable_visualize": false,
            "text": "Percentuale: 5%$(br)Si fonde in: Ghisa$(br)Formula: Fe₃O₄"
        },
        {
            "type": "patchouli:multiblock",
            "name": "Magnetite Vanadifera",
            "multiblock": {
                "mapping": {
                    "0": "#forge:ores/vanadium_magnetite"
                },
                "pattern": [
                    [
                        "0"
                    ],
                    [
                        " "
                    ]
                ]
            },
            "enable_visualize": false,
            "text": "Percentuale: 15%$(br)Fonte di: Ferro, Vanadio$(br)Formula: (Fe₃O₄)V"
        },
        {
            "type": "patchouli:multiblock",
            "name": "Oro",
            "multiblock": {
                "mapping": {
                    "0": "#forge:ores/gold"
                },
                "pattern": [
                    [
                        "0"
                    ],
                    [
                        " "
                    ]
                ]
            },
            "enable_visualize": false,
            "text": "Percentuale: 15%$(br)Si fonde in: Oro$(br)Formula: Au"
        },
        {
            "type": "patchouli:multiblock",
            "name": "Zaffiro",
            "multiblock": {
                "mapping": {
                    "0": "#forge:ores/sapphire"
                },
                "pattern": [
                    [
                        "0"
                    ],
                    [
                        " "
                    ]
                ]
            },
            "enable_visualize": false,
            "text": "Percentuale: 5%$(br)Fonte di: Alluminio$(br)Formula: Al₂O₃"
        }
    ]
}