{
    "name": "Wulfenite & Molibdenite",
    "icon": "gtceu:rich_raw_wulfenite",
    "category": "tfc:tfg_ores",
    "read_by_default": true,
    "pages": [
        {
            "type": "patchouli:text",
            "text": "Rarità: 245$(br)Densità: 0.45$(br)Tipo: Vena a Grappolo$(br)Y: -64 - 10$(br)Grandezza: 26$(br2)Tipo di Roccia: Riolite, Basalto, Andesite, Dacite, Granito, Diorite, Gabbro$(br2)Indicatori: Wulfenite, Molibdenite, Molibdeno, Powellite"
        },
        {
            "type": "patchouli:multiblock",
            "name": "Wulfenite",
            "multiblock": {
                "mapping": {
                    "0": "#forge:ores/wulfenite"
                },
                "pattern": [
                    [
                        "0"
                    ],
                    [
                        " "
                    ]
                ]
            },
            "enable_visualize": false,
            "text": "Percentuale: 40%$(br)Fonte di: Piombo, Molibdeno$(br)Formula: PbMoO₄$(br)Pericoloso: Sì"
        },
        {
            "type": "patchouli:multiblock",
            "name": "Molibdenite",
            "multiblock": {
                "mapping": {
                    "0": "#forge:ores/molybdenite"
                },
                "pattern": [
                    [
                        "0"
                    ],
                    [
                        " "
                    ]
                ]
            },
            "enable_visualize": false,
            "text": "Percentuale: 30%$(br)Fonte di: Molibdeno$(br)Formula: MoS₂"
        },
        {
            "type": "patchouli:multiblock",
            "name": "Molibdeno",
            "multiblock": {
                "mapping": {
                    "0": "#forge:ores/molybdenum"
                },
                "pattern": [
                    [
                        "0"
                    ],
                    [
                        " "
                    ]
                ]
            },
            "enable_visualize": false,
            "text": "Percentuale: 15%$(br)Fonte di: Molibdeno$(br)Formula: Mo"
        },
        {
            "type": "patchouli:multiblock",
            "name": "Powellite",
            "multiblock": {
                "mapping": {
                    "0": "#forge:ores/powellite"
                },
                "pattern": [
                    [
                        "0"
                    ],
                    [
                        " "
                    ]
                ]
            },
            "enable_visualize": false,
            "text": "Percentuale: 15%$(br)Fonte di: Molibdeno$(br)Formula: CaMoO₄"
        }
    ]
}