{
    "name": "Opale & Garnet",
    "icon": "gtceu:opal_gem",
    "category": "tfc:tfg_ores",
    "read_by_default": true,
    "pages": [
        {
            "type": "patchouli:text",
            "text": "Rarità: 220$(br)Densità: 0.35$(br)Tipo: Vena a Disco$(br)Y: -64 - 62$(br)Dimensione: 26$(br)Altezza: 6$(br2)Tipo di Roccia: Riolite, Basalto, Andesite, Dacite, Granito, Diorite, Gabbro$(br2)Indicatori: Gemma di Ametista"
        },
        {
            "type": "patchouli:multiblock",
            "name": "Opale",
            "multiblock": {
                "mapping": {
                    "0": "#forge:ores/opal"
                },
                "pattern": [
                    [
                        "0"
                    ],
                    [
                        " "
                    ]
                ]
            },
            "enable_visualize": false,
            "text": "Percentuale: 55%$(br)Formula: (SiO₂)"
        },
        {
            "type": "patchouli:multiblock",
            "name": "Ametista",
            "multiblock": {
                "mapping": {
                    "0": "#forge:ores/amethyst"
                },
                "pattern": [
                    [
                        "0"
                    ],
                    [
                        " "
                    ]
                ]
            },
            "enable_visualize": false,
            "text": "Percentuale: 25%$(br)Fonte di: Ferro$(br)Formula: (SiO₂)₄Fe"
        },
        {
            "type": "patchouli:multiblock",
            "name": "Garnet Rossa",
            "multiblock": {
                "mapping": {
                    "0": "#forge:ores/red_garnet"
                },
                "pattern": [
                    [
                        "0"
                    ],
                    [
                        " "
                    ]
                ]
            },
            "enable_visualize": false,
            "text": "Percentuale: 5%$(br)Fonte di: Piropo, Almandino, Spessartina"
        },
        {
            "type": "patchouli:multiblock",
            "name": "Garnet Gialla",
            "multiblock": {
                "mapping": {
                    "0": "#forge:ores/yellow_garnet"
                },
                "pattern": [
                    [
                        "0"
                    ],
                    [
                        " "
                    ]
                ]
            },
            "enable_visualize": false,
            "text": "Percentuale: 15%$(br)Fonte di: Andranite, Grossularia, Uvarovite"
        }
    ]
}