{
    "name": "Zaffiro & Almandino",
    "icon": "gtceu:sapphire_gem",
    "category": "tfc:tfg_ores",
    "read_by_default": true,
    "pages": [
        {
            "type": "patchouli:text",
            "text": "Rarità: 280$(br)Densità: 0.35$(br)Tipo: Vena a Disco$(br)Y: -64 - 26$(br)Grandezza: 28$(br)Altezza: 8$(br2)Tipo di Roccia: Riolite, Basalto, Andesite, Dacite$(br2)Indicatori: Almandite, Piropo, Zaffiro, Zaffiro Verde$(br2)Se stai cercando $(thing)Alluminio$(), trova invece una vena di $(l:tfg_ores/normal_bauxite)Bauxite$().$(br)"
        },
        {
            "type": "patchouli:multiblock",
            "name": "Almandino",
            "anchor": "almandine",
            "multiblock": {
                "mapping": {
                    "0": "#forge:ores/almandine"
                },
                "pattern": [
                    [
                        "0"
                    ],
                    [
                        " "
                    ]
                ]
            },
            "enable_visualize": false,
            "text": "Percentuale: 35%$(br)Fonte di: Alluminio, Ferro$(br)Formula: Al₂Fe₃Si₃O₁₂"
        },
        {
            "type": "patchouli:multiblock",
            "name": "Piropo",
            "anchor": "pyrope",
            "multiblock": {
                "mapping": {
                    "0": "#forge:ores/pyrope"
                },
                "pattern": [
                    [
                        "0"
                    ],
                    [
                        " "
                    ]
                ]
            },
            "enable_visualize": false,
            "text": "Percentuale: 25%$(br)Fonte di: Alluminio, Magnesio$(br)Formula: Al₂Mg₃Si₃O₁₂"
        },
        {
            "type": "patchouli:multiblock",
            "name": "Zaffiro",
            "multiblock": {
                "mapping": {
                    "0": "#forge:ores/sapphire"
                },
                "pattern": [
                    [
                        "0"
                    ],
                    [
                        " "
                    ]
                ]
            },
            "enable_visualize": false,
            "text": "Percentuale: 15%$(br)Fonte di: Alluminio$(br)Formula: Al₂O₃"
        },
        {
            "type": "patchouli:multiblock",
            "name": "Zaffiro Verde",
            "multiblock": {
                "mapping": {
                    "0": "#forge:ores/green_sapphire"
                },
                "pattern": [
                    [
                        "0"
                    ],
                    [
                        " "
                    ]
                ]
            },
            "enable_visualize": false,
            "text": "Percentuale: 15%$(br)Fonte di: Alluminio$(br)Formula: Al₂O₃"
        }
    ]
}