{
    "name": "Uraninite & Pitchblende",
    "icon": "gtceu:rich_raw_uraninite",
    "category": "tfc:tfg_ores",
    "read_by_default": true,
    "pages": [
        {
            "type": "patchouli:text",
            "text": "Rarità: 220$(br)Densità: 0.45$(br)Tipo: Vena a Grappolo$(br)Y: -64 - -20$(br)Grandezza: 24$(br2)Tipo di Roccia: Granito, Diorite, Gabbro, Quarzite, Ardesia, Fillite, Scisto, Gneiss, Marmo$(br2)Indicatori: Pitchblende, Uraninite$(br2)Non ci sono reattori a fissione in TFG, ma l'Uranio ha altri usi."
        },
        {
            "type": "patchouli:multiblock",
            "name": "Uraninite",
            "multiblock": {
                "mapping": {
                    "0": "#forge:ores/uraninite"
                },
                "pattern": [
                    [
                        "0"
                    ],
                    [
                        " "
                    ]
                ]
            },
            "enable_visualize": false,
            "text": "Percentuale: 50%$(br)Fonte di: Uranio$(br)Formula: UO₂$(br)Pericoloso: Sì"
        },
        {
            "type": "patchouli:multiblock",
            "name": "Pitchblende",
            "multiblock": {
                "mapping": {
                    "0": "#forge:ores/pitchblende"
                },
                "pattern": [
                    [
                        "0"
                    ],
                    [
                        " "
                    ]
                ]
            },
            "enable_visualize": false,
            "text": "Percentuale: 50%$(br)Fonte di: Uranio$(br)Formula: (UO₂)₃ThPb$(br)Pericoloso: Sì"
        }
    ]
}