{
	"name": "Gestire i Pericoli",
	"icon": "gtceu:hazmat_headpiece",
	"category": "tfc:tfg_ores",
	"priority": true,
	"sortnum": 1,
	"pages": [
		{
			"type": "patchouli:text",
			"text": "Alcuni minerali sono pericolosi! Averli nel tuo inventario ti infliggerà danno da avvelamento continuo.$(br2)Puoi fabbricare una $(thing)Tuta Hazmat$(), ma quello arriverà solo in $(thing)MV$(), quindi cosa puoi fare invece?$(br2)Ecco alcuni consigli fino a quando TFG sarà in grado di aggiorare ad una versione più recente di Gregtech che fornisce il suo prioprio equipaggiamento di protezione primitivo."
		},
		{
			"type": "patchouli:text",
			"text": "Più tardi nel gameplay, se vuoi muovere materiali pericolosi in giro, puoi tirarli fuori dai vasi e metterli all'interno di casse e macchinari cliccando $(thing)Tasto Destro$() sul vaso. In questo modo, non entrerà mai nel tuo inventario!$(br2)Infine, se non ti piacciono i pericoli in generale, puoi disattivarli nelle opzioni di Gregtech."
		},
		{
			"type": "patchouli:spotlight",
			"title": "Rocce",
			"item": {
				"tag": "tfc:rock_knapping"
			},
			"text": "Il modo più semplice per prevenire che oggetti pericolosi entrino nel tuo inventario e non prenderli affatto.$(br)Riempire il tuo inventario con delle $(thing)Rocce$(), ad esempio, ti permetterà di scegliere quali oggetti raccogliere e gestire quelli pericolosi in un secondo momento."
		},
		{
			"type": "patchouli:spotlight",
			"title": "Contenitori",
			"text": "Come accennato, i materiali pericolosi infliggono danni solo se stanno all'interno del tuo $(thing)inventario$(), ma lo stesso non vale con i contenitori!$(br)I materiali pericolosi non ti danneggeranno mentre sono in un contenitore come uno $(l:mechanics/crankshaft)Zaino$() o un $(l:getting_started/pottery#vessel)Vaso$().",
			"item": "sophisticatedbackpacks:backpack,tfc:ceramic/vessel,tfc:ceramic/large_vessel"
		},
		{
			"type": "patchouli:spotlight",
			"title": "Armatura",
			"text": "Una armatura migliore ridurrà i danni subiti dai materiali pericolosi.",
			"item": {
				"tag": "minecraft:trimmable_armor"
			}
		},
		{
			"type": "patchouli:spotlight",
			"title": "Acqua di Sorgente",
			"item": "tfc:bucket/spring_water",
			"text": "Stare in dell'$(thing)Acqua di Sorgente$() ti darà un effetto di $(thing)Rigenerazione$(), seppur lento."
		},
		{
			"type": "patchouli:spotlight",
			"title": "Alcol Invechiato",
			"text": "L'$(thing)Alcol Invecchiato$() ti darà effetti, alcuni dei quali potrebbero tornarti utili.$(br2)Puoi berli con una $(l:getting_started/pottery#jug)Brocca$() o una $(l:waterflasks/recipes)Fiaschetta$().",
			"item": "tfcagedalcohol:bucket/aged_beer,tfcagedalcohol:bucket/aged_cider,tfcagedalcohol:bucket/aged_rum,tfcagedalcohol:bucket/aged_sake,tfcagedalcohol:bucket/aged_vodka,tfcagedalcohol:bucket/aged_whiskey,tfcagedalcohol:bucket/aged_corn_whiskey,tfcagedalcohol:bucket/aged_rye_whiskey"
		},
		{
			"type": "patchouli:text",
			"text": "Birra Invecchiata: Assorbimento II (20:00)$(br2)Sidro Invecchiato: Velocità (5:20)$(br2)Rum Invecchiato: Velocità II (2:40)$(br2)Sake Invecchiato: Resistenza (5:20)$(br2)Vodka Invecchiata: Resistenza II (2:40)Whiskey di Mais Invecchiato: Sollecitudine (5:20)$(br2)Whiskey di Segale Invecchiato: Sollecitudine (5:20)$(br2)Whiskey Invecchiato: Sollecitudine II (2:40)"
		},
		{
			"type": "patchouli:spotlight",
			"item": {
				"tag": "tfc:foods"
			},
			"title": "Alimentazione",
			"text": "Mangiare cibi migliore con maggiori valori $(l:getting_started/food_and_water#nutrients)nutrizionali$() aumenterà la tua vita massima di una quantità significativa.$(br2)$(l:mechanics/pot#soup)Zuppe$(), $(l:mechanics/sandwiches)Panini$(), e $(l:mechanics/salad)Insalate$() sono ottimi per questo."
		},
		{
			"type": "patchouli:spotlight",
			"title": "Letto",
			"item": {
				"tag": "minecraft:beds"
			},
			"text": "Se tutto questo fallisce, portare sempre con te un letto dove rinascere è una buona idea.$(br2)Se non hai ancora accesso a $(thing)Lana$() o $(thing)String$(), puoi anche fare un $(l:getting_started/a_place_to_sleep)Letto di Paglia$()."
		}
	]
}