{
	"name": "Indice Minerali",
	"icon": "minecraft:diamond_pickaxe",
	"category": "tfc:tfg_ores",
	"priority": true,
	"sortnum": 2,
	"read_by_default": true,
	"pages": [
		{
			"type": "patchouli:text",
			"text": "Questa è una lista di ogni singolo minerale nel mondo, ordinato alfabeticamente e dalla vena più ricca alla più povera.$(br2)Almandino: $(l:tfg_ores/deep_sapphire)35%$()$(br)Alluminio: $(l:tfg_ores/normal_bauxite)25%$()$(br)Alunite: $(l:tfg_ores/normal_saltpeter)15%$()$(br)Ametista: $(l:tfg_ores/deep_garnet_amethyst)65%$(), $(l:tfg_ores/deep_garnet_opal)25%$()$(br)Apatite: $(l:tfg_ores/normal_apatite)50%$()$(br)Amianto: $(l:tfg_ores/normal_garnet_tin)25%$()$(br)Barite: $(l:tfg_ores/normal_quartz)15%$()$(br)Sabbia Minerale Basaltica: $(l:tfg_ores/normal_basaltic_sands)35%$()$(br)Bastnasite: $(l:tfg_ores/normal_monazite)50%$()"
		},
		{
			"type": "patchouli:text",
			"text": "Bauxite: $(l:tfg_ores/normal_bauxite)45%$(), $(l:tfg_ores/normal_mica)25%$()$(br)Bentonite: $(l:tfg_ores/normal_olivine)35%$()$(br)Berillio: $(l:tfg_ores/normal_beryllium)35%$()$(br)Bismuto: $(l:tfg_ores/surface_bismuth)90%$(), $(l:tfg_ores/normal_bismuth)80%$()$(br)Topazio Blu: $(l:tfg_ores/deep_topaz)35%$()$(br)Borace: $(l:tfg_ores/normal_salt)15%$()$(br)Bornite: $(l:tfg_ores/deep_sheldonite)35%$(), $(l:tfg_ores/deep_topaz)15%$()$(br)Calcite: $(l:tfg_ores/normal_lapis)15%$()$(br)Cassiterite: $(l:tfg_ores/surface_cassiterite)60%$(), $(l:tfg_ores/normal_cassiterite)40%$(), $(l:tfg_ores/surface_copper)5%$()$(br)Sabbia di Cassiterite: $(l:tfg_ores/normal_garnet_tin)35%$()$(br)Quarzo Certus: $(l:tfg_ores/normal_quartz)30%$()$(br)Chalcocite: $(l:tfg_ores/deep_topaz)25%$()$(br)Chalcopirite: $(l:tfg_ores/surface_copper)55%$(), $(l:tfg_ores/normal_copper)20%$()$(br)Cromite: $(l:tfg_ores/deep_magnetite)60%$()$(br)Cinabro: $(l:tfg_ores/normal_redstone)20%$()$(br)Carbone: $(l:tfg_ores/normal_coal)100%$(), $(l:tfg_ores/normal_graphite)30%$()$(br)Cobalto: $(l:tfg_ores/normal_garnierite)15%$()"
		},
		{
			"type": "patchouli:text",
			"text": "Cobaltite: $(l:tfg_ores/normal_garnierite)20%$()$(br)Rame: $(l:tfg_ores/normal_copper)65%$(), $(l:tfg_ores/normal_tetrahedrite)30%$(), $(l:tfg_ores/surface_tetrahedrite)20%$()$(br)Diamante: $(l:tfg_ores/normal_graphite)25%$()$(br)Diatomite: $(l:tfg_ores/normal_saltpeter)25%$(), $(l:tfg_ores/normal_garnet_tin)15%$()$(br)Elettrotina: $(l:tfg_ores/normal_saltpeter)25%$()$(br)Smeraldo: $(l:tfg_ores/normal_beryllium)50%$()$(br)Terra di Fuller: $(l:tfg_ores/normal_basaltic_sands)25%$()$(br)Galena: $(l:tfg_ores/normal_silver)30%$()$(br)Sabbia di Garnet: $(l:tfg_ores/normal_garnet_tin)25%$()$(br)Garnierite: $(l:tfg_ores/normal_garnierite)30%$()$(br)Sabbia di Glauconite: $(l:tfg_ores/normal_lubricant)25%$(), $(l:tfg_ores/normal_olivine)15%$()$(br)Goethite: $(l:tfg_ores/deep_limonite)50%$(), $(l:tfg_ores/deep_hematite)25%$(), $(l:tfg_ores/normal_hematite)15%$(), $(l:tfg_ores/normal_limonite)15%$(), $(l:tfg_ores/normal_gold)5%$(), $(l:tfg_ores/deep_gold)5%$()$(br)Oro: $(l:tfg_ores/deep_gold)75%$(), $(l:tfg_ores/normal_gold)55%$(), $(l:tfg_ores/deep_magnetite)15%$(), $(l:tfg_ores/normal_magnetite)10%$(), $(l:tfg_ores/deep_hematite)5%$(), $(l:tfg_ores/normal_hematite)5%$()$(br)Sabbia Minerale Grantica: $(l:tfg_ores/normal_basaltic_sands)25%$()$(br)Graffite: $(l:tfg_ores/normal_graphite)45%$()$(br)Zaffiro Verde: $(l:tfg_ores/deep_sapphire)15%$()"
		},
		{
			"type": "patchouli:text",
			"text": "Grossularia: $(l:tfg_ores/normal_manganese)30%$()$(br)Gypsum: $(l:tfg_ores/normal_basaltic_sands)15%$()$(br)Ematite: $(l:tfg_ores/normal_hematite)50%$(), $(l:tfg_ores/deep_hematite)35%$(), $(l:tfg_ores/normal_gold)20%$(), $(l:tfg_ores/normal_limonite)20%$(), $(l:tfg_ores/deep_gold)15%$(), $(l:tfg_ores/deep_limonite)15%$()$(br)Ilmenite: $(l:tfg_ores/normal_bauxite)30%$()$(br)Ferro: $(l:tfg_ores/normal_copper)5%$()$(br)Caolinite: $(l:tfg_ores/surface_kaolin)20%$()$(br)Cianite: $(l:tfg_ores/normal_mica)35%$()$(br)Lapis: $(l:tfg_ores/normal_lapis)25%$()$(br)Lazurite: $(l:tfg_ores/normal_lapis)35%$()$(br)Piombo: $(l:tfg_ores/normal_silver)55%$(), $(l:tfg_ores/normal_bismuth)11%$(), $(l:tfg_ores/surface_bismuth)7%$()$(br)Lepidolite: $(l:tfg_ores/normal_salt)15%$(), $(l:tfg_ores/normal_spodumene)15%$()$(br)Litio: $(l:tfg_ores/deep_scheelite)20%$()$(br)Magnesite: $(l:tfg_ores/normal_olivine)25%$()$(br)Magnetite: $(l:tfg_ores/normal_magnetite)65%$(), $(l:tfg_ores/deep_magnetite)5%$()$(br)Malachite: $(l:tfg_ores/deep_limonite)20%$(), $(l:tfg_ores/normal_limonite)15%$()$(br)Mica: $(l:tfg_ores/normal_mica)25%$()"
		},
		{
			"type": "patchouli:text",
			"text": "Molibdenite: $(l:tfg_ores/deep_molybdenum)30%$()$(br)Molibdeno: $(l:tfg_ores/deep_molybdenum)15%$()$(br)Monazite: $(l:tfg_ores/normal_monazite)25%$()$(br)Naquadah: $(l:tfg_ores/deep_naquadah)75%$()$(br)Neodimio: $(l:tfg_ores/normal_monazite)25%$()$(br)Quarzo del Nether: $(l:tfg_ores/normal_quartz)10%$()$(br)Nickel: $(l:tfg_ores/normal_garnierite)10%$()$(br)Sabbia Bitumosa: $(l:tfg_ores/normal_oilsands)100%$()$(br)Olivina: $(l:tfg_ores/normal_olivine)25%$()$(br)Opale: $(l:tfg_ores/deep_garnet_opal)55%$(), $(l:tfg_ores/deep_garnet_amethyst)15%$()$(br)Palladio: $(l:tfg_ores/deep_sheldonite)15%$()$(br)Pentlandite: $(l:tfg_ores/normal_garnierite)25%$(), $(l:tfg_ores/normal_lubricant)15%$()$(br)Pitchblende: $(l:tfg_ores/deep_pitchblende)50%$()$(br)Platino: $(l:tfg_ores/deep_sheldonite)25%$()$(br)Plutonio: $(l:tfg_ores/deep_naquadah)25%$()$(br)Pollucite: $(l:tfg_ores/normal_mica)15%$()$(br)Powellite: $(l:tfg_ores/deep_molybdenum)15%$()"
		},
		{
			"type": "patchouli:text",
			"text": "Pirite: $(l:tfg_ores/normal_sulfur)35%$(), $(l:tfg_ores/normal_sphalerite)25%$(), $(l:tfg_ores/normal_copper)10%$(), $(l:tfg_ores/surface_sphalerite)5%$()$(br)Pirocloro: $(l:tfg_ores/normal_apatite)15%$()$(br)Pirolusite: $(l:tfg_ores/normal_manganese)20%$()$(br)Piropo: $(l:tfg_ores/deep_sapphire)25%$()$(br)Quarzite: $(l:tfg_ores/normal_quartz)45%$()$(br)Realgar: $(l:tfg_ores/surface_copper)15%$()$(br)Garnet Rossa: $(l:tfg_ores/deep_garnet_amethyst)5%$(), $(l:tfg_ores/deep_garnet_opal)5%$()$(br)Pietra Rossa: $(l:tfg_ores/normal_redstone)45%$()$(br)Salgemma: $(l:tfg_ores/normal_salt)40%$(), $(l:tfg_ores/normal_spodumene)20%$()$(br)Rubino: $(l:tfg_ores/normal_redstone)35%$(), $(l:tfg_ores/deep_hematite)20%$()$(br)Salt: $(l:tfg_ores/normal_salt)30%$(), $(l:tfg_ores/normal_spodumene)30%$()$(br)Salnitro: $(l:tfg_ores/normal_saltpeter)35%$()$(br)Zaffiro: $(l:tfg_ores/deep_sapphire)15%$(), $(l:tfg_ores/deep_magnetite)5%$()$(br)Scheelite: $(l:tfg_ores/deep_scheelite)45%$()$(br)Sheldonite: $(l:tfg_ores/deep_sheldonite)25%$()$(br)Argento: $(l:tfg_ores/normal_silver)15%$()$(br)Pietra Saponaria: $(l:tfg_ores/normal_lubricant)30%$()"
		},
		{
			"type": "patchouli:text",
			"text": "Sodalite: $(l:tfg_ores/normal_lapis)25%$()$(br)Spessartina: $(l:tfg_ores/normal_manganese)20%$()$(br)Sfalerite: $(l:tfg_ores/normal_sphalerite)40%$(), $(l:tfg_ores/surface_sphalerite)40%$(), $(l:tfg_ores/normal_sulfur)15%$()$(br)Spodumene: $(l:tfg_ores/normal_spodumene)35%$()$(br)Stibnite: $(l:tfg_ores/normal_tetrahedrite)20%$(), $(l:tfg_ores/surface_tetrahedrite)20%$()$(br)Zolfo: $(l:tfg_ores/surface_sphalerite)55%$(), $(l:tfg_ores/normal_sulfur)50%$(), $(l:tfg_ores/normal_sphalerite)35%$(), $(l:tfg_ores/normal_bismuth)9%$(), $(l:tfg_ores/surface_bismuth)3%$()$(br)Talco: $(l:tfg_ores/normal_lubricant)20%$()$(br)Tantalite: $(l:tfg_ores/normal_manganese)10%$()$(br)Tetraedrite: $(l:tfg_ores/surface_tetrahedrite)60%$(), $(l:tfg_ores/normal_tetrahedrite)50%$()$(br)Torio: $(l:tfg_ores/normal_beryllium)15%$()$(br)Stagno: $(l:tfg_ores/normal_cassiterite)60%$(), $(l:tfg_ores/surface_cassiterite)40%$()$(br)Topazio: $(l:tfg_ores/deep_topaz)25%$()$(br)Fosfato di Calcio: $(l:tfg_ores/normal_apatite)35%$()$(br)Trona: $(l:tfg_ores/normal_lubricant)10%$()$(br)Tungstato: $(l:tfg_ores/deep_scheelite)35%$()$(br)Uraninite: $(l:tfg_ores/deep_pitchblende)50%$()$(br)Magnetite Vanadifera: $(l:tfg_ores/normal_magnetite)25%$(), $(l:tfg_ores/deep_magnetite)15%$()"
		},
		{
			"type": "patchouli:text",
			"text": "Wulfenite: $(l:tfg_ores/deep_molybdenum)40%$()$(br)Garnet Gialla: $(l:tfg_ores/deep_garnet_amethyst)5%$(), $(l:tfg_ores/deep_garnet_opal)5%$()$(br)Limonite Gialla: $(l:tfg_ores/normal_limonite)50%$(), $(l:tfg_ores/normal_hematite)30%$(), $(l:tfg_ores/normal_gold)20%$(), $(l:tfg_ores/deep_limonite)15%$(), $(l:tfg_ores/deep_hematite)15%$(), $(l:tfg_ores/deep_gold)5%$()$(br)Zeolite: $(l:tfg_ores/surface_copper)15%$()"
		}
	]
}

