{
    "name": "Graffite & Diamante",
    "icon": "minecraft:diamond",
    "category": "tfc:tfg_ores",
    "read_by_default": true,
    "pages": [
        {
            "type": "patchouli:text",
            "text": "Rarità: 175$(br)Densità: 0.35$(br)Tipo: Vena a Tubo$(br)Y: -64 - 100$(br)Altezza: 60$(br)Raggio: 12$(br2)Tipo di Roccia: Gabbro$(br2)Indicatori: Diamante, Graffite, Carbone$(br2)Non riesci a trovarla? Il Gabbro viene sempre generato sotto al $(thing)Basalto$(), e le macchie di Gabbro nei fondali oceanici potrebbero tornarti utili!"
        },
        {
            "type": "patchouli:multiblock",
            "name": "Graffite",
            "multiblock": {
                "mapping": {
                    "0": "#forge:ores/graphite"
                },
                "pattern": [
                    [
                        "0"
                    ],
                    [
                        " "
                    ]
                ]
            },
            "enable_visualize": false,
            "text": "Percentuale: 45%$(br)Usato per: $(l:mechanics/fire_clay)Argilla Refrattaria$(), Graffene$(br)Formula: C"
        },
        {
            "type": "patchouli:multiblock",
            "name": "Diamante",
            "multiblock": {
                "mapping": {
                    "0": "#forge:ores/diamond"
                },
                "pattern": [
                    [
                        "0"
                    ],
                    [
                        " "
                    ]
                ]
            },
            "enable_visualize": false,
            "text": "Percentuale: 25%$(br)Usato per: Maceratori, AE2$(br)Formula: C"
        },
        {
            "type": "patchouli:multiblock",
            "name": "Carbone",
            "multiblock": {
                "mapping": {
                    "0": "#forge:ores/coal"
                },
                "pattern": [
                    [
                        "0"
                    ],
                    [
                        " "
                    ]
                ]
            },
            "enable_visualize": false,
            "text": "Percentuale: 30%$(br)Usato per: Carburante per Forgia, Distillazione$(br)Formula: C"
        }
    ]
}