{
    "name": "Rame & Calcopirite",
    "icon": "minecraft:raw_copper",
    "category": "tfc:tfg_ores",
    "read_by_default": true,
    "pages": [
        {
            "type": "patchouli:text",
            "text": "Rarità: 170$(br)Densità: 0.4$(br)Tipo: Vena a Grappolo$(br)Y: -32 - 75$(br)Grandezza: 40$(br2)Tipo di Roccia: Riolite, Basalto, Andesite, Dacite$(br2)Indicatori: Rame Nativo"
        },
        {
            "type": "patchouli:multiblock",
            "name": "Rame",
            "multiblock": {
                "mapping": {
                    "0": "#forge:ores/copper"
                },
                "pattern": [
                    [
                        "0"
                    ],
                    [
                        " "
                    ]
                ]
            },
            "enable_visualize": false,
            "text": "Percentuale: 65%$(br)Si fonde in: Rame$(br)Formula: Cu"
        },
        {
            "type": "patchouli:multiblock",
            "name": "Calcopirite",
            "multiblock": {
                "mapping": {
                    "0": "#forge:ores/chalcopyrite"
                },
                "pattern": [
                    [
                        "0"
                    ],
                    [
                        " "
                    ]
                ]
            },
            "enable_visualize": false,
            "text": "Percentuale: 20%$(br)Si fonde in: Rame$(br)Formula: CuFeS₂"
        },
        {
            "type": "patchouli:multiblock",
            "name": "Ferro",
            "multiblock": {
                "mapping": {
                    "0": "#forge:ores/iron"
                },
                "pattern": [
                    [
                        "0"
                    ],
                    [
                        " "
                    ]
                ]
            },
            "enable_visualize": false,
            "text": "Percentuale: 5%$(br)Si fonde in: Ghisa$(br)Formula: Fe"
        },
        {
            "type": "patchouli:multiblock",
            "name": "Pirite",
            "multiblock": {
                "mapping": {
                    "0": "#forge:ores/pyrite"
                },
                "pattern": [
                    [
                        "0"
                    ],
                    [
                        " "
                    ]
                ]
            },
            "enable_visualize": false,
            "text": "Percentuale: 10%$(br)Si fonde in: Ghisa$(br)Formula: FeS₂"
        }
    ]
}