{
    "name": "Pietra Saponaria, Talco & Trona",
    "icon": "gtceu:raw_soapstone",
    "category": "tfc:tfg_ores",
    "read_by_default": true,
    "pages": [
        {
            "type": "patchouli:text",
            "text": "Rarità: 190$(br)Densità: 0.25$(br)Tipo: Vena a Grappolo$(br)Y: -40 - 56$(br)Grandezza: 36$(br2)Tipo di Roccia: Granito, Diorite, Gabbro$(br2)Indicatori: Pietra Saponaria, Talco, Sabbia di Glauconite, Pentlandite, Trona"
        },
        {
            "type": "patchouli:multiblock",
            "name": "Pietra Saponaria",
            "multiblock": {
                "mapping": {
                    "0": "#forge:ores/soapstone"
                },
                "pattern": [
                    [
                        "0"
                    ],
                    [
                        " "
                    ]
                ]
            },
            "enable_visualize": false,
            "text": "Percentuale: 30%$(br)Fonte di: Magnesio$(br)Formula: Mg₃Si₄H₂O₁₂"
        },
        {
            "type": "patchouli:multiblock",
            "name": "Talco",
            "multiblock": {
                "mapping": {
                    "0": "#forge:ores/talc"
                },
                "pattern": [
                    [
                        "0"
                    ],
                    [
                        " "
                    ]
                ]
            },
            "enable_visualize": false,
            "text": "Percentuale: 20%$(br)Fonte di: Magnesio$(br)Formula: Mg₃Si₄H₂O₁₂"
        },
        {
            "type": "patchouli:multiblock",
            "name": "Sabbia di Glauconite",
            "multiblock": {
                "mapping": {
                    "0": "#forge:ores/glauconite_sand"
                },
                "pattern": [
                    [
                        "0"
                    ],
                    [
                        " "
                    ]
                ]
            },
            "enable_visualize": false,
            "text": "Percentuale: 25%$(br)Fonte di: Magnesio, Alluminio$(br)Formula: KMg₂Al₄H₂O₁₂"
        },
        {
            "type": "patchouli:multiblock",
            "name": "Pentlandite",
            "multiblock": {
                "mapping": {
                    "0": "#forge:ores/pentlandite"
                },
                "pattern": [
                    [
                        "0"
                    ],
                    [
                        " "
                    ]
                ]
            },
            "enable_visualize": false,
            "text": "Percentuale: 15%$(br)Si fonde in: Nickel$(br)Formula: Ni₉S₈"
        },
        {
            "type": "patchouli:multiblock",
            "name": "Trona",
            "multiblock": {
                "mapping": {
                    "0": "#forge:ores/trona"
                },
                "pattern": [
                    [
                        "0"
                    ],
                    [
                        " "
                    ]
                ]
            },
            "enable_visualize": false,
            "text": "Percentuale: 10%$(br)Formula: Na₃C₂H(H₂O)₂O₆"
        }
    ]
}