{
    "name": "Garnet & Sabbia di Cassiterite",
    "icon": "gtceu:raw_garnet_sand",
    "category": "tfc:tfg_ores",
    "read_by_default": true,
    "pages": [
        {
            "type": "patchouli:text",
            "text": "Rarità: 360$(br)Densità: 0.25$(br)Tipo: Vena a Grappolo$(br)Y: -40 - 64$(br)Grandezza: 40$(br2)Tipo di Roccia: Tutte$(br2)Indicatori: Cassiterite"
        },
        {
            "type": "patchouli:multiblock",
            "name": "Sabbia di Cassiterite",
            "multiblock": {
                "mapping": {
                    "0": "#forge:ores/cassiterite_sand"
                },
                "pattern": [
                    [
                        "0"
                    ],
                    [
                        " "
                    ]
                ]
            },
            "enable_visualize": false,
            "text": "Percentuale: 35%$(br)Si fonde in: Stagno$(br)Formula: SnO₂"
        },
        {
            "type": "patchouli:multiblock",
            "name": "Sabbia di Garnet",
            "multiblock": {
                "mapping": {
                    "0": "#forge:ores/garnet_sand"
                },
                "pattern": [
                    [
                        "0"
                    ],
                    [
                        " "
                    ]
                ]
            },
            "enable_visualize": false,
            "text": "Percentuale: 25%$(br)Fonte di: Almandino, Andradite, Grossularia, Piropo, Spessartina, Uvarovite"
        },
        {
            "type": "patchouli:multiblock",
            "name": "Amianto",
            "multiblock": {
                "mapping": {
                    "0": "#forge:ores/asbestos"
                },
                "pattern": [
                    [
                        "0"
                    ],
                    [
                        " "
                    ]
                ]
            },
            "enable_visualize": false,
            "text": "Percentuale: 25%$(br)Fonte di: Magnesio, Tumore Polmonare$(br)Formula: Mg₃Si₂H₄O₉$(br)Pericoloso: Sì"
        },
        {
            "type": "patchouli:multiblock",
            "name": "Diatomite",
            "multiblock": {
                "mapping": {
                    "0": "#forge:ores/diatomite"
                },
                "pattern": [
                    [
                        "0"
                    ],
                    [
                        " "
                    ]
                ]
            },
            "enable_visualize": false,
            "text": "Percentuale: 15%$(br)Fonte di: Ferro, Alluminio$(br)Formula: (SiO₂)₈(Fe₂O₃)(Al₂O₃)"
        }
    ]
}