{
    "name": "Salnitro & Elettrotina",
    "icon": "gtceu:raw_saltpeter",
    "category": "tfc:tfg_ores",
    "read_by_default": true,
    "pages": [
        {
            "type": "patchouli:text",
            "text": "Rarità: 210$(br)Densità: 0.3$(br)Tipo: Vena a Grappolo$(br)Y: -32 - 60$(br)Grandezza: 50$(br2)Tipo di Roccia: Granito, Diorite, Gabbro, Quarzite, Ardesia, Fillite, Scisto, Gneiss, Marmo$(br2)Indicatori: Salnitro, Diatomite, Elettrotina, Alunite"
        },
        {
            "type": "patchouli:multiblock",
            "name": "Salnitro",
            "multiblock": {
                "mapping": {
                    "0": "#forge:ores/saltpeter"
                },
                "pattern": [
                    [
                        "0"
                    ],
                    [
                        " "
                    ]
                ]
            },
            "enable_visualize": false,
            "text": "Percentuale: 35%$(br)Fonte di: Potassio$(br)Formula: KNO₃"
        },
        {
            "type": "patchouli:multiblock",
            "name": "Diatomite",
            "multiblock": {
                "mapping": {
                    "0": "#forge:ores/diatomite"
                },
                "pattern": [
                    [
                        "0"
                    ],
                    [
                        " "
                    ]
                ]
            },
            "enable_visualize": false,
            "text": "Percentuale: 25%$(br)Fonte di: Ferro, Alluminio$(br)Formula: (SiO₂)₈(Fe₂O₃)(Al₂O₃)"
        },
        {
            "type": "patchouli:multiblock",
            "name": "Elettrotina",
            "multiblock": {
                "mapping": {
                    "0": "#forge:ores/electrotine"
                },
                "pattern": [
                    [
                        "0"
                    ],
                    [
                        " "
                    ]
                ]
            },
            "enable_visualize": false,
            "text": "Percentuale: 25%$(br)Fonte di: Oro, Argento, Redstone$(br)Formula: (Si(FeS₂)₅(CrAl₂O₃)Hg₃)(AgAu)"
        },
        {
            "type": "patchouli:multiblock",
            "name": "Alunite",
            "multiblock": {
                "mapping": {
                    "0": "#forge:ores/alunite"
                },
                "pattern": [
                    [
                        "0"
                    ],
                    [
                        " "
                    ]
                ]
            },
            "enable_visualize": false,
            "text": "Percentuale: 15%$(br)Fonte di: Potassio, Alluminio$(br)Formula: KAl₃Si₂H₆O₁₄"
        }
    ]
}