{
    "name": "Smeraldo & Berillio",
    "icon": "minecraft:emerald",
    "category": "tfc:tfg_ores",
    "read_by_default": true,
    "pages": [
        {
            "type": "patchouli:text",
            "text": "Rarità: 180$(br)Densità: 0.35$(br)Tipo: Vena a Tubo$(br)Y: -32 - 50$(br)Altezza: 60$(br)Raggio: 10$(br2)Tipo di Roccia: Riolite, Basalto, Andesite, Dacite$(br2)Indicatori: Berillio, Smeraldo, Torio"
        },
        {
            "type": "patchouli:multiblock",
            "name": "Berillio",
            "multiblock": {
                "mapping": {
                    "0": "#forge:ores/beryllium"
                },
                "pattern": [
                    [
                        "0"
                    ],
                    [
                        " "
                    ]
                ]
            },
            "enable_visualize": false,
            "text": "Percentuale: 35%$(br)Usato per: Perle di Ender$(br)Formula: Be$(br)Pericoloso: Sì"
        },
        {
            "type": "patchouli:multiblock",
            "name": "Smeraldo",
            "multiblock": {
                "mapping": {
                    "0": "#forge:ores/emerald"
                },
                "pattern": [
                    [
                        "0"
                    ],
                    [
                        " "
                    ]
                ]
            },
            "enable_visualize": false,
            "text": "Percentuale: 50%$(br)Usato per: Componenti MV, Item tag filters$(br)Formula: Be₃Al₂Si₆O₁₈"
        },
        {
            "type": "patchouli:multiblock",
            "name": "Torio",
            "multiblock": {
                "mapping": {
                    "0": "#forge:ores/thorium"
                },
                "pattern": [
                    [
                        "0"
                    ],
                    [
                        " "
                    ]
                ]
            },
            "enable_visualize": false,
            "text": "Percentuale: 15%$(br)Usato per: Niente!$(br)Formula: Th"
        }
    ]
}