{
    "name": "Lapis, Lazurite, & Sodalite",
    "icon": "minecraft:lapis_lazuli",
    "category": "tfc:tfg_ores",
    "read_by_default": true,
    "pages": [
        {
            "type": "patchouli:text",
            "text": "Rarita: 170$(br) Densità: 0.25$(br)Tipo: Vena a Grappolo$(br)Y: -60 - 10$(br) Grandezza: 50$(br2)Tipo di Roccia: Quarzite, Ardesia, Fillite, Scisto, Gneiss, Marmo$(br2)Indicatori: Lazurite, Sodalite, Lapis, Calcite$(br2)Usato principalmente per i fluid filter."
        },
        {
            "type": "patchouli:multiblock",
            "name": "Lazurite",
            "multiblock": {
                "mapping": {
                    "0": "#forge:ores/lazurite"
                },
                "pattern": [
                    [
                        "0"
                    ],
                    [
                        " "
                    ]
                ]
            },
            "enable_visualize": false,
            "text": "Percentuale: 35%$(br)Fonte di: Alluminio, Calcio, Sodio$(br)Formula: Al₆Si₆Ca₈Na₈"
        },
        {
            "type": "patchouli:multiblock",
            "name": "Sodalite",
            "multiblock": {
                "mapping": {
                    "0": "#forge:ores/sodalite"
                },
                "pattern": [
                    [
                        "0"
                    ],
                    [
                        " "
                    ]
                ]
            },
            "enable_visualize": false,
            "text": "Percentuale: 25%$(br)Fonte di: Alluminio, Sodio$(br)Formula: Al₃Si₃Na₄Cl"
        },
        {
            "type": "patchouli:multiblock",
            "name": "Calcite",
            "multiblock": {
                "mapping": {
                    "0": "#forge:ores/calcite"
                },
                "pattern": [
                    [
                        "0"
                    ],
                    [
                        " "
                    ]
                ]
            },
            "enable_visualize": false,
            "text": "Percentuale: 15%$(br)Fonte di: Calcio$(br)Formula: CaCO₃"
        },
        {
            "type": "patchouli:multiblock",
            "name": "Lapis",
            "multiblock": {
                "mapping": {
                    "0": "#forge:ores/lapis"
                },
                "pattern": [
                    [
                        "0"
                    ],
                    [
                        " "
                    ]
                ]
            },
            "enable_visualize": false,
            "text": "Percentuale: 25%$(br)Fonte di: Lazurite, Sodalite, Pirite, Calcite"
        }
    ]
}