{
    "name": "Apatite & Pirocloro",
    "icon": "gtceu:raw_apatite",
    "category": "tfc:tfg_ores",
    "read_by_default": true,
    "pages": [
        {
            "type": "patchouli:text",
            "text": "Rarità: 220$(br)Densità: 0.25$(br)Tipo: Vena a Grappolo$(br)Y: -32 - 60$(br)Grandezza: 34$(br2)Tipo di Roccia: Granito, Diorite, Gabbro, Quarzite, Ardesia, Fillite, Scisto, Gneiss, Marmo$(br2)Indicatori: Apatite, Fosfato di Calcio, Pirocloro"
        },
        {
            "type": "patchouli:multiblock",
            "name": "Apatite",
            "multiblock": {
                "mapping": {
                    "0": "#forge:ores/apatite"
                },
                "pattern": [
                    [
                        "0"
                    ],
                    [
                        " "
                    ]
                ]
            },
            "enable_visualize": false,
            "text": "Percentuale: 50%$(br)Fonte di: Calcio, Fosforo, PTSD della Forestry$(br)Formula: Ca₅(PO₄)₃Cl"
        },
        {
            "type": "patchouli:multiblock",
            "name": "Fosfato di Calcio",
            "multiblock": {
                "mapping": {
                    "0": "#forge:ores/tricalcium_phosphate"
                },
                "pattern": [
                    [
                        "0"
                    ],
                    [
                        " "
                    ]
                ]
            },
            "enable_visualize": false,
            "text": "Percentuale: 35%$(br)Fonte di: Calcio, Fosforo$(br)Formula: Ca₃(PO₄)₂"
        },
        {
            "type": "patchouli:multiblock",
            "name": "Pirocloro",
            "multiblock": {
                "mapping": {
                    "0": "#forge:ores/pyrochlore"
                },
                "pattern": [
                    [
                        "0"
                    ],
                    [
                        " "
                    ]
                ]
            },
            "enable_visualize": false,
            "text": "Percentuale: 15%$(br)Fonte di: Niobio$(br)Formula: Ca₂Nb₂O₇"
        }
    ]
}