{
    "name": "Bismuto (Normale)",
    "icon": "gtceu:raw_bismuth",
    "category": "tfc:tfg_ores",
    "read_by_default": true,
    "pages": [
        {
            "type": "patchouli:text",
            "text": "Rarità: 170$(br)Densità: 0.4$(br)Tipo: Vena a Grappolo$(br)Y: -32 - 75$(br)Dimensione: 40$(br2)Tipo di Roccia: Granito, Diorite, Gabbro, Shale, Argillite, Calce, Conglomerato, Dolomite, Chert, Gesso$(br2)Indicatori: Bismutinite$(br2)Usato solo per il Bronzo al Bismuto."
        },
        {
            "type": "patchouli:multiblock",
            "name": "Bismuto",
            "multiblock": {
                "mapping": {
                    "0": "#forge:ores/bismuth"
                },
                "pattern": [
                    [
                        "0"
                    ],
                    [
                        " "
                    ]
                ]
            },
            "enable_visualize": false,
            "text": "Percentuale: 80%$(br)Si fonde in: Bismuto$(br)Formula: Bi"
        },
        {
            "type": "patchouli:multiblock",
            "name": "Zolfo",
            "multiblock": {
                "mapping": {
                    "0": "#forge:ores/sulfur"
                },
                "pattern": [
                    [
                        "0"
                    ],
                    [
                        " "
                    ]
                ]
            },
            "enable_visualize": false,
            "text": "Percentuale: 9%$(br)Formula: S"
        },
        {
            "type": "patchouli:multiblock",
            "name": "Piombo",
            "multiblock": {
                "mapping": {
                    "0": "#forge:ores/lead"
                },
                "pattern": [
                    [
                        "0"
                    ],
                    [
                        " "
                    ]
                ]
            },
            "enable_visualize": false,
            "text": "Percentuale: 11%$(br)Si fonde in: Piombo$(br)Formula: Pb$(br)Pericoloso: Sì"
        }
    ]
}