{
    "name": "Sabbia Minerale",
    "icon": "gtceu:raw_basaltic_mineral_sand",
    "category": "tfc:tfg_ores",
    "read_by_default": true,
    "pages": [
        {
            "type": "patchouli:text",
            "text": "Rarità: 160$(br)Densità: 0.3$(br)Tipo:$(br)Y: -32 - 60$(br)Dimensione: 48$(br)Altezza: 9$(br2)Tipo di Roccia: Granito, Basalto$(br2)Indicatori: Sabbia Basaltica & Grantica, Terra di Fuller, Gypsum"
        },
        {
            "type": "patchouli:multiblock",
            "name": "Sabbia Minerale Basaltica",
            "multiblock": {
                "mapping": {
                    "0": "#forge:ores/basaltic_mineral_sand"
                },
                "pattern": [
                    [
                        "0"
                    ],
                    [
                        " "
                    ]
                ]
            },
            "enable_visualize": false,
            "text": "Percentuale: 35%$(br)Si fonde in: Ghisa$(br)Formula: (Fe₃O₄)((Mg₂Fe(SiO₂)₂)(CaCo₃)₃(SiO₂)₈C₄)"
        },
        {
            "type": "patchouli:multiblock",
            "name": "Sabbia Minerale Grantica",
            "multiblock": {
                "mapping": {
                    "0": "#forge:ores/granitic_mineral_sand"
                },
                "pattern": [
                    [
                        "0"
                    ],
                    [
                        " "
                    ]
                ]
            },
            "enable_visualize": false,
            "text": "Percentuale: 25%$(br)Si fonde in: Ghisa$(br)Formula: (Fe₃O₄)((SiO₂)₄(KMg₃Al₃F₂Si₃O₁₀))"
        },
        {
            "type": "patchouli:multiblock",
            "name": "Terra di Fuller",
            "multiblock": {
                "mapping": {
                    "0": "#forge:ores/fullers_earth"
                },
                "pattern": [
                    [
                        "0"
                    ],
                    [
                        " "
                    ]
                ]
            },
            "enable_visualize": false,
            "text": "Percentuale: 25%$(br)Fonte di: Magnesio$(br)Formula: MgSi₄H(H₂O)₄O₁₁"
        },
        {
            "type": "patchouli:multiblock",
            "name": "Gypsum",
            "multiblock": {
                "mapping": {
                    "0": "#forge:ores/gypsum"
                },
                "pattern": [
                    [
                        "0"
                    ],
                    [
                        " "
                    ]
                ]
            },
            "enable_visualize": false,
            "text": "Percentuale: 15%$(br)Usato per: Mattoni di Alabastro (Colorabili)$(br)Formula: CaS(H₂O)₂O₄"
        }
    ]
}