{
    "name": "Garnierite & Cobaltite",
    "icon": "gtceu:raw_garnierite",
    "category": "tfc:tfg_ores",
    "read_by_default": true,
    "pages": [
        {
            "type": "patchouli:text",
            "text": "Rarità: 140$(br)Densità: 0.4$(br)Tipo: Vena a Grappolo$(br)Y: -32 - 60$(br)Grandezza: 40$(br2)Tipo di Roccia: Gabbro$(br2)Indicatori: Garnierite"
        },
        {
            "type": "patchouli:multiblock",
            "name": "Garnierite",
            "multiblock": {
                "mapping": {
                    "0": "#forge:ores/garnierite"
                },
                "pattern": [
                    [
                        "0"
                    ],
                    [
                        " "
                    ]
                ]
            },
            "enable_visualize": false,
            "text": "Percentuale: 30%$(br)Si fonde in: Nickel$(br)Formula: NiO"
        },
        {
            "type": "patchouli:multiblock",
            "name": "Nickel",
            "multiblock": {
                "mapping": {
                    "0": "#forge:ores/nickel"
                },
                "pattern": [
                    [
                        "0"
                    ],
                    [
                        " "
                    ]
                ]
            },
            "enable_visualize": false,
            "text": "Percentuale: 10%$(br)Si fonde in: Nickel$(br)Formula: Ni"
        },
        {
            "type": "patchouli:multiblock",
            "name": "Cobaltite",
            "multiblock": {
                "mapping": {
                    "0": "#forge:ores/cobaltite"
                },
                "pattern": [
                    [
                        "0"
                    ],
                    [
                        " "
                    ]
                ]
            },
            "enable_visualize": false,
            "text": "Percentuale: 20%$(br)FOnte di: Cobalto, Arsenico$(br)Formula: CoAsS$(br)Pericoloso: Sì"
        },
        {
            "type": "patchouli:multiblock",
            "name": "Pentlandite",
            "multiblock": {
                "mapping": {
                    "0": "#forge:ores/pentlandite"
                },
                "pattern": [
                    [
                        "0"
                    ],
                    [
                        " "
                    ]
                ]
            },
            "enable_visualize": false,
            "text": "Percentuale: 25%$(br)Si fonde in: Nickel$(br)Formula: Ni₉S₈"
        },
        {
            "type": "patchouli:multiblock",
            "name": "Cobalto",
            "multiblock": {
                "mapping": {
                    "0": "#forge:ores/cobalt"
                },
                "pattern": [
                    [
                        "0"
                    ],
                    [
                        " "
                    ]
                ]
            },
            "enable_visualize": false,
            "text": "Percentuale: 15%$(br)Si fonde in: Cobalto$(br)Formula: Co"
        }
    ]
}