{
    "name": "Sali & Borace",
    "icon": "tfc:powder/salt",
    "category": "tfc:tfg_ores",
    "read_by_default": true,
    "pages": [
        {
            "type": "patchouli:text",
            "text": "Rarità: 175$(br)Densità: 0.4$(br)Tipo: Vena a Disco$(br)Y: 30 - 70$(br)Grandezza: 40$(br)Altezza: 4$(br2)Tipo di Roccia: Shale, Argillite, Calce$(br2)Indicatori: Sale, Salgemma, Lepidolite, Borace"
        },
        {
            "type": "patchouli:multiblock",
            "name": "Salgemma",
            "multiblock": {
                "mapping": {
                    "0": "#forge:ores/rock_salt"
                },
                "pattern": [
                    [
                        "0"
                    ],
                    [
                        " "
                    ]
                ]
            },
            "enable_visualize": false,
            "text": "Percentuale: 40%$(br)Fonte di: Potassio, Cloro$(br)Formula: KCl"
        },
        {
            "type": "patchouli:multiblock",
            "name": "Sale",
            "multiblock": {
                "mapping": {
                    "0": "#forge:ores/salt"
                },
                "pattern": [
                    [
                        "0"
                    ],
                    [
                        " "
                    ]
                ]
            },
            "enable_visualize": false,
            "text": "Percentuale: 30%$(br)Fonte di: Pressione Sanguigna Alta$(br)Formula: NaCl"
        },
        {
            "type": "patchouli:multiblock",
            "name": "Lepidolite",
            "multiblock": {
                "mapping": {
                    "0": "#forge:ores/lepidolite"
                },
                "pattern": [
                    [
                        "0"
                    ],
                    [
                        " "
                    ]
                ]
            },
            "enable_visualize": false,
            "text": "Percentuale: 15%$(br)Fonte di: Potassio, Litio, Alluminio, Fluoro$(br)Formula: KLi₃Al₄F₂O₁₀"
        },
        {
            "type": "patchouli:multiblock",
            "name": "Borace",
            "multiblock": {
                "mapping": {
                    "0": "#forge:ores/borax"
                },
                "pattern": [
                    [
                        "0"
                    ],
                    [
                        " "
                    ]
                ]
            },
            "enable_visualize": false,
            "text": "Percentuale: 15%$(br)Fonte di: Boro$(br)Formula: Na₂B₄(H₂O)₁₀O₇"
        }
    ]
}