{
    "name": "Quarzi",
    "icon": "minecraft:quartz",
    "category": "tfc:tfg_ores",
    "read_by_default": true,
    "pages": [
        {
            "type": "patchouli:text",
            "text": "Rarità: 150$(br)Densità: 0.3$(br)Tipo: Vena a Grappolo$(br)Y: -32 - 100$(br)Grandezza: 40$(br2)Tipo di Roccia: Shale, Quarzite, Scisto, Gneiss$(br2)Indicatori: Gemma di Quarzo di Certus"
        },
        {
            "type": "patchouli:multiblock",
            "name": "Quarzite",
            "multiblock": {
                "mapping": {
                    "0": "#forge:ores/quartzite"
                },
                "pattern": [
                    [
                        "0"
                    ],
                    [
                        " "
                    ]
                ]
            },
            "enable_visualize": false,
            "text": "Percentuale: 45%$(br)Formula: SiO₂"
        },
        {
            "type": "patchouli:multiblock",
            "name": "Quarzo di Certus",
            "multiblock": {
                "mapping": {
                    "0": "#forge:ores/certus_quartz"
                },
                "pattern": [
                    [
                        "0"
                    ],
                    [
                        " "
                    ]
                ]
            },
            "enable_visualize": false,
            "text": "Percentuale: 30%$(br)Usato per: AE2$(br)Formula: SiO₂"
        },
        {
            "type": "patchouli:multiblock",
            "name": "Quarzo del Nether",
            "multiblock": {
                "mapping": {
                    "0": "#forge:ores/nether_quartz"
                },
                "pattern": [
                    [
                        "0"
                    ],
                    [
                        " "
                    ]
                ]
            },
            "enable_visualize": false,
            "text": "Percentuale: 10%$(br)Usato per: AE2$(br)Formula: SiO₂"
        },
        {
            "type": "patchouli:multiblock",
            "name": "Barite",
            "multiblock": {
                "mapping": {
                    "0": "#forge:ores/barite"
                },
                "pattern": [
                    [
                        "0"
                    ],
                    [
                        " "
                    ]
                ]
            },
            "enable_visualize": false,
            "text": "Percentuale: 15%$(br)Fonte di: Bario$(br)Formula: BaSO₂"
        }
    ]
}