{
    "name": "Limonite",
    "icon": "gtceu:raw_yellow_limonite",
    "category": "tfc:tfg_ores",
    "read_by_default": true,
    "pages": [
        {
            "type": "patchouli:text",
            "text": "Rarità: 190$(br)Densità: 0.4$(br)Tipo: Vena a Grappolo$(br)Y: -32 - 75$(br)Grandezza: 40$(br2)Tipo di Roccia: Marmo, Calce$(br2)Indicatori: Limonite, Ematite, Malachite"
        },
        {
            "type": "patchouli:multiblock",
            "name": "Limonite Gialla",
            "multiblock": {
                "mapping": {
                    "0": "#forge:ores/yellow_limonite"
                },
                "pattern": [
                    [
                        "0"
                    ],
                    [
                        " "
                    ]
                ]
            },
            "enable_visualize": false,
            "text": "Percentuale: 50%$(br)Si fonde in: Ghisa$(br)Formula: FeHO₂"
        },
        {
            "type": "patchouli:multiblock",
            "name": "Goethite",
            "multiblock": {
                "mapping": {
                    "0": "#forge:ores/goethite"
                },
                "pattern": [
                    [
                        "0"
                    ],
                    [
                        " "
                    ]
                ]
            },
            "enable_visualize": false,
            "text": "Percentauale15%$(br)Si fonde in: Ghisa$(br)Formula: FeHO₂"
        },
        {
            "type": "patchouli:multiblock",
            "name": "Ematite",
            "multiblock": {
                "mapping": {
                    "0": "#forge:ores/hematite"
                },
                "pattern": [
                    [
                        "0"
                    ],
                    [
                        " "
                    ]
                ]
            },
            "enable_visualize": false,
            "text": "Percentuale: 20%$(br)Si fonde in: Ghisa$(br)Formula: Fe₂O₃"
        },
        {
            "type": "patchouli:multiblock",
            "name": "Malachite",
            "multiblock": {
                "mapping": {
                    "0": "#forge:ores/malachite"
                },
                "pattern": [
                    [
                        "0"
                    ],
                    [
                        " "
                    ]
                ]
            },
            "enable_visualize": false,
            "text": "Percentuale: 15%$(br)Si fonde in: Rame$(br)Formula: Cu₂CH₂O₅"
        }
    ]
}