{
    "name": "Spodumente & Lepidolite",
    "icon": "gtceu:raw_spodumene",
    "category": "tfc:tfg_ores",
    "read_by_default": true,
    "pages": [
        {
            "type": "patchouli:text",
            "text": "Rarità: 180$(br)Densità: 0.375$(br)Tipo: Vena a Disco$(br)Y: 20 - 60$(br)Grandezza: 35$(br)Altezza: 6$(br2)Tipo di Roccia: Granito, Diorite, Gabbro, Quarzite, Ardesia, Fillite, Schist, Gneiss, Marmo$(br2)Indicatori: Sale, Salgemma, Lepidolite, Spodumene"
        },
        {
            "type": "patchouli:multiblock",
            "name": "Salgemma",
            "multiblock": {
                "mapping": {
                    "0": "#forge:ores/rock_salt"
                },
                "pattern": [
                    [
                        "0"
                    ],
                    [
                        " "
                    ]
                ]
            },
            "enable_visualize": false,
            "text": "Percentuale: 20%$(br)Fonte di: Potassio, Cloro$(br)Formula: KCl"
        },
        {
            "type": "patchouli:multiblock",
            "name": "Sale",
            "multiblock": {
                "mapping": {
                    "0": "#forge:ores/salt"
                },
                "pattern": [
                    [
                        "0"
                    ],
                    [
                        " "
                    ]
                ]
            },
            "enable_visualize": false,
            "text": "Percentuale: 30%$(br)Fonte di: Pressione Sanguigna Alta$(br)Formula: NaCl"
        },
        {
            "type": "patchouli:multiblock",
            "name": "Lepidolite",
            "multiblock": {
                "mapping": {
                    "0": "#forge:ores/lepidolite"
                },
                "pattern": [
                    [
                        "0"
                    ],
                    [
                        " "
                    ]
                ]
            },
            "enable_visualize": false,
            "text": "Percentuale: 15%$(br)Fonte di: Potassio, Litio, Alluminio, Fluoro$(br)Formula: KLi₃Al₄F₂O₁₀"
        },
        {
            "type": "patchouli:multiblock",
            "name": "Spodumene",
            "multiblock": {
                "mapping": {
                    "0": "#forge:ores/spodumene"
                },
                "pattern": [
                    [
                        "0"
                    ],
                    [
                        " "
                    ]
                ]
            },
            "enable_visualize": false,
            "text": "Percentuale: 35%$(br)Fonte di: Litio, Alluminio$(br)Formula: LiAlSi₂O₆"
        }
    ]
}