{
    "name": "Manganese & Tantalio",
    "icon": "gtceu:raw_grossular",
    "category": "tfc:tfg_ores",
    "read_by_default": true,
    "pages": [
        {
            "type": "patchouli:text",
            "text": "Rarità: 195$(br)Densità: 0.3$(br)Tipo: Vena a Grappolo$(br)Y: -32 - 60$(br)Grandezza: 40$(br2)Tipo di Roccia: Riolite, Basalto, Andesite, Dacite, Shale, Argillite, Calce, Conglomerato, Dolomite, Chert, Gesso$(br2)Indicatori: Grossularia, Spessartina, Pirolusite, Tantalite"
        },
        {
            "type": "patchouli:multiblock",
            "name": "Grossularia",
            "multiblock": {
                "mapping": {
                    "0": "#forge:ores/grossular"
                },
                "pattern": [
                    [
                        "0"
                    ],
                    [
                        " "
                    ]
                ]
            },
            "enable_visualize": false,
            "text": "Percentuale: 30%$(br)Fonte di: Calcio, Alluminio$(br)Formula: Ca₃Al₂Si₃O₁₂"
        },
        {
            "type": "patchouli:multiblock",
            "name": "Spessartina",
            "multiblock": {
                "mapping": {
                    "0": "#forge:ores/spessartine"
                },
                "pattern": [
                    [
                        "0"
                    ],
                    [
                        " "
                    ]
                ]
            },
            "enable_visualize": false,
            "text": "Percentuale: 20%$(br)Fonte di: Manganese, Alluminio$(br)Formula: Al₂Mn₃Si₃O₁₂"
        },
        {
            "type": "patchouli:multiblock",
            "name": "Pirolusite",
            "multiblock": {
                "mapping": {
                    "0": "#forge:ores/pyrolusite"
                },
                "pattern": [
                    [
                        "0"
                    ],
                    [
                        " "
                    ]
                ]
            },
            "enable_visualize": false,
            "text": "Percentuale: 20%$(br)Si fonde in: Manganese$(br)Formula: MnO₂"
        },
        {
            "type": "patchouli:multiblock",
            "name": "Tantalite",
            "multiblock": {
                "mapping": {
                    "0": "#forge:ores/tantalite"
                },
                "pattern": [
                    [
                        "0"
                    ],
                    [
                        " "
                    ]
                ]
            },
            "enable_visualize": false,
            "text": "Percentuale: 10%$(br)Fonte di: Manganese, Tantalio$(br)Formula: MnTa₂O₆"
        }
    ]
}