{
    "name": "Oro, Limonite & Ematite",
    "icon": "minecraft:raw_gold",
    "category": "tfc:tfg_ores",
    "read_by_default": true,
    "pages": [
        {
            "type": "patchouli:text",
            "text": "Rarità: 170$(br)Densità: 0.4$(br)Tipo: Vena a Disco$(br)Y: -32 - 60$(br)Grandezza:40$(br)Altezza:12$(br2)Tipo di Roccia: Riolite, Basalto, Andesite, Dacite, Granito, Diorite, Gabbro$(br2)Indicatori: Limonite, Ematite, Oro Nativo"
        },
        {
            "type": "patchouli:multiblock",
            "name": "Oro",
            "multiblock": {
                "mapping": {
                    "0": "#forge:ores/gold"
                },
                "pattern": [
                    [
                        "0"
                    ],
                    [
                        " "
                    ]
                ]
            },
            "enable_visualize": false,
            "text": "Percentuale: 55%$(br)Si fonde in: Oro$(br)Formula: Au"
        },
        {
            "type": "patchouli:multiblock",
            "name": "Limonite Gialla",
            "multiblock": {
                "mapping": {
                    "0": "#forge:ores/yellow_limonite"
                },
                "pattern": [
                    [
                        "0"
                    ],
                    [
                        " "
                    ]
                ]
            },
            "enable_visualize": false,
            "text": "Percentuale: 20%$(br)Si fonde in: Ghisa$(br)Formula: FeHO₂"
        },
        {
            "type": "patchouli:multiblock",
            "name": "Ematite",
            "multiblock": {
                "mapping": {
                    "0": "#forge:ores/hematite"
                },
                "pattern": [
                    [
                        "0"
                    ],
                    [
                        " "
                    ]
                ]
            },
            "enable_visualize": false,
            "text": "Percentuale: 20%$(br)Si fonde in: Ghisa$(br)Formula: Fe₂O₃"
        },
        {
            "type": "patchouli:multiblock",
            "name": "Goethite",
            "multiblock": {
                "mapping": {
                    "0": "#forge:ores/goethite"
                },
                "pattern": [
                    [
                        "0"
                    ],
                    [
                        " "
                    ]
                ]
            },
            "enable_visualize": false,
            "text": "Percentuale: 5%$(br)Si fonde in: Ghisa$(br)Formula: FeHO₂"
        }
    ]
}