{
    "name": "Ematite & Limonite",
    "icon": "gtceu:raw_hematite",
    "category": "tfc:tfg_ores",
    "read_by_default": true,
    "pages": [
        {
            "type": "patchouli:text",
            "text": "Rarità: 210$(br)Densità: 0.4$(br)Tipo: Vena a Grappolo$(br)Y: -32 - 75$(br)Dimensione: 40$(br2)Tipo di Roccia: Riolite, Basalto, Andesite, Dacite$(br2)Indicatori: Ematite, Limonite, Oro Nativo"
        },
        {
            "type": "patchouli:multiblock",
            "name": "Ematite",
            "multiblock": {
                "mapping": {
                    "0": "#forge:ores/hematite"
                },
                "pattern": [
                    [
                        "0"
                    ],
                    [
                        " "
                    ]
                ]
            },
            "enable_visualize": false,
            "text": "Percentuale: 50%$(br)Si fonde in: Ghisa$(br)Formula: Fe₂O₃"
        },
        {
            "type": "patchouli:multiblock",
            "name": "Limonite Gialla",
            "multiblock": {
                "mapping": {
                    "0": "#forge:ores/yellow_limonite"
                },
                "pattern": [
                    [
                        "0"
                    ],
                    [
                        " "
                    ]
                ]
            },
            "enable_visualize": false,
            "text": "Percentuale: 30%$(br)Si fonde in: Ghisa$(br)Formula: FeHO₂"
        },
        {
            "type": "patchouli:multiblock",
            "name": "Goethite",
            "multiblock": {
                "mapping": {
                    "0": "#forge:ores/goethite"
                },
                "pattern": [
                    [
                        "0"
                    ],
                    [
                        " "
                    ]
                ]
            },
            "enable_visualize": false,
            "text": "Percentuale: 15%$(br)Si fonde in: Ghisa$(br)Formula: FeHO₂"
        },
        {
            "type": "patchouli:multiblock",
            "name": "Oro",
            "multiblock": {
                "mapping": {
                    "0": "#forge:ores/gold"
                },
                "pattern": [
                    [
                        "0"
                    ],
                    [
                        " "
                    ]
                ]
            },
            "enable_visualize": false,
            "text": "Percentuale: 5%$(br)Si fonde in: Ghisa$(br)Formula: Au"
        }
    ]
}