{
    "name": "Polvere di Redstone, Cinabro & Rubino",
    "icon": "minecraft:redstone",
    "category": "tfc:tfg_ores",
    "read_by_default": true,
    "pages": [
        {
            "type": "patchouli:text",
            "text": "Rarità: 160$(br)Densità: 0.4$(br)Tipo: Vena a Grappolo$(br)Y: -32 - 100$(br)Grandezza: 40$(br2)Tipo di Roccia: Granito$(br2)Indicatori: Redstone, Rubino, Cinabro$(br2)Non riesci a trovarla? Prova a cercare negli oceani, la Redstone brilla!"
        },
        {
            "type": "patchouli:multiblock",
            "name": "Polvere di Redstone",
            "multiblock": {
                "mapping": {
                    "0": "#forge:ores/redstone"
                },
                "pattern": [
                    [
                        "0"
                    ],
                    [
                        " "
                    ]
                ]
            },
            "enable_visualize": false,
            "text": "Percentuale: 45%$(br)Si fonde in: Redstone$(br)Formula: Si(FeS₂)₅(CrAl₂O₃)Hg₃"
        },
        {
            "type": "patchouli:multiblock",
            "name": "Rubino",
            "multiblock": {
                "mapping": {
                    "0": "#forge:ores/ruby"
                },
                "pattern": [
                    [
                        "0"
                    ],
                    [
                        " "
                    ]
                ]
            },
            "enable_visualize": false,
            "text": "Percentuale: 35%$(br)Fonte di: Alluminio, Cromo$(br)Formula: CrAl₂O₃"
        },
        {
            "type": "patchouli:multiblock",
            "name": "Cinabro",
            "multiblock": {
                "mapping": {
                    "0": "#forge:ores/cinnabar"
                },
                "pattern": [
                    [
                        "0"
                    ],
                    [
                        " "
                    ]
                ]
            },
            "enable_visualize": false,
            "text": "Percentuale: 20%$(br)Fonte di: Mercurio$(br)Formula: HgS$(br)Pericoloso: Sì"
        }
    ]
}