{
    "name": "Cianite, Mica & Bauxite",
    "icon": "gtceu:raw_mica",
    "category": "tfc:tfg_ores",
    "read_by_default": true,
    "pages": [
        {
            "type": "patchouli:text",
            "text": "Rarità: 190$(br)Densità: 0.25$(br)Tipo: Vena a Grappolo$(br)Y: 0 - 210$(br)Grandezza: 36$(br2)Tipo di Roccia: Granito, Diorite, Gabbro, Quarzite, Ardesia, Fillite, Scisto, Gneiss, Marmo$(br2)Indicatori: Cianite, Mica, Bauxite, Pollucite"
        },
        {
            "type": "patchouli:multiblock",
            "name": "Cianite",
            "multiblock": {
                "mapping": {
                    "0": "#forge:ores/kyanite"
                },
                "pattern": [
                    [
                        "0"
                    ],
                    [
                        " "
                    ]
                ]
            },
            "enable_visualize": false,
            "text": "Percentuale: 35%$(br)Fonte di: Alluminio$(br)Formula: Al₂SiO₅"
        },
        {
            "type": "patchouli:multiblock",
            "name": "Mica",
            "multiblock": {
                "mapping": {
                    "0": "#forge:ores/mica"
                },
                "pattern": [
                    [
                        "0"
                    ],
                    [
                        " "
                    ]
                ]
            },
            "enable_visualize": false,
            "text": "Percentuale: 25%$(br)Fonte di: Potassio, Alluminio, Fluoro$(br)Formula: KAl₃Si₃F₂O₁₀"
        },
        {
            "type": "patchouli:multiblock",
            "name": "Bauxite",
            "multiblock": {
                "mapping": {
                    "0": "#forge:ores/bauxite"
                },
                "pattern": [
                    [
                        "0"
                    ],
                    [
                        " "
                    ]
                ]
            },
            "enable_visualize": false,
            "text": "Percentuale: 25%$(br)Fonte di Alluminio$(br)Formula: Al₂O₃"
        },
        {
            "type": "patchouli:multiblock",
            "name": "Pollucite",
            "multiblock": {
                "mapping": {
                    "0": "#forge:ores/pollucite"
                },
                "pattern": [
                    [
                        "0"
                    ],
                    [
                        " "
                    ]
                ]
            },
            "enable_visualize": false,
            "text": "Percentuale: 15%$(br)Fonte di: Alluminio$(br)Formula: Cs₂Al₂Si₄(H₂O)₂O₁₂"
        }
    ]
}