{
    "name": "Argento, Galena & Piombo",
    "icon": "gtceu:raw_silver",
    "category": "tfc:tfg_ores",
    "read_by_default": true,
    "pages": [
        {
            "type": "patchouli:text",
            "text": "Rarità: 160$(br)Densità: 0.4$(br)Tipo: Vena a Grappolo$(br)Y: -32 - 75$(br)Grandezza: 40$(br2)Tipo di Roccia: Granito, Gneiss$(br2)Indicatori: Argento Nativo"
        },
        {
            "type": "patchouli:multiblock",
            "name": "Galena",
            "multiblock": {
                "mapping": {
                    "0": "#forge:ores/galena"
                },
                "pattern": [
                    [
                        "0"
                    ],
                    [
                        " "
                    ]
                ]
            },
            "enable_visualize": false,
            "text": "Percentuale: 30%$(br)Si fonde in: Piombo$(br)Formula: PbS$(br)Pericoloso: Sì"
        },
        {
            "type": "patchouli:multiblock",
            "name": "Argento",
            "multiblock": {
                "mapping": {
                    "0": "#forge:ores/silver"
                },
                "pattern": [
                    [
                        "0"
                    ],
                    [
                        " "
                    ]
                ]
            },
            "enable_visualize": false,
            "text": "Percentuale: 15%$(br)Si fonde in: Argento$(br)Formula: Ag"
        },
        {
            "type": "patchouli:multiblock",
            "name": "Piombo",
            "multiblock": {
                "mapping": {
                    "0": "#forge:ores/lead"
                },
                "pattern": [
                    [
                        "0"
                    ],
                    [
                        " "
                    ]
                ]
            },
            "enable_visualize": false,
            "text": "Percentuale: 55%$(br)Si fonde in: Piombo$(br)Formula: Pb$(br)Pericoloso: Sì"
        }
    ]
}