{
    "name": "Sabbie Bitumose",
    "icon": "gtceu:raw_oilsands",
    "category": "tfc:tfg_ores",
    "read_by_default": true,
    "pages": [
        {
            "type": "patchouli:text",
            "text": "Rarità: 185$(br)Densità: 0.20$(br)Tipo: Vena a Grappolo$(br)Y: 0 - 70$(br)Grandezza: 55$(br2)Tipo di Roccia: Shale, Argillite, Calce, Conglomerato, Dolomite, Chert, Gesso$(br2)Indicatori: Sabbie Bitumose$(br2)Usato come combustibile primitivo."
        },
        {
            "type": "patchouli:multiblock",
            "name": "Sabbie Bitumose",
            "multiblock": {
                "mapping": {
                    "0": "#forge:ores/oilsands"
                },
                "pattern": [
                    [
                        "0"
                    ],
                    [
                        " "
                    ]
                ]
            },
            "enable_visualize": false,
            "text": "Percentuale: 100%$(br)Fonte di: FREEDOM GRAHHHH 🛢🛢🛢🦅🦅🦅🗽🗽🗽"
        }
    ]
}