{
    "name": "Tetraedrite (Normale)",
    "icon": "gtceu:raw_tetrahedrite",
    "category": "tfc:tfg_ores",
    "read_by_default": true,
    "pages": [
        {
            "type": "patchouli:text",
            "text": "Rarità: 170$(br)Densità: 0.4$(br)Tipo: Vena a Grappolo$(br)Y: -32 - 75$(br)Grandezza: 40$(br2)Tipo di Roccia: Quarzite, Ardesia, Fillite, Scisto, Gneiss, Marmo$(br2)Indicatori: Tetraedrite, Rame Nativo"
        },
        {
            "type": "patchouli:multiblock",
            "name": "Tetraedrite",
            "multiblock": {
                "mapping": {
                    "0": "#forge:ores/tetrahedrite"
                },
                "pattern": [
                    [
                        "0"
                    ],
                    [
                        " "
                    ]
                ]
            },
            "enable_visualize": false,
            "text": "Percentuale: 50%$(br)Si fonde in: Rame$(br)Formula: Cu₃SbS₃Fe"
        },
        {
            "type": "patchouli:multiblock",
            "name": "Rame Nativo",
            "multiblock": {
                "mapping": {
                    "0": "#forge:ores/copper"
                },
                "pattern": [
                    [
                        "0"
                    ],
                    [
                        " "
                    ]
                ]
            },
            "enable_visualize": false,
            "text": "Percentuale: 30%$(br)Si fonde in: Rame$(br)Formula: Cu"
        },
        {
            "type": "patchouli:multiblock",
            "name": "Stibnite",
            "multiblock": {
                "mapping": {
                    "0": "#forge:ores/stibnite"
                },
                "pattern": [
                    [
                        "0"
                    ],
                    [
                        " "
                    ]
                ]
            },
            "enable_visualize": false,
            "text": "Percentuale: 20%$(br)Si fonde in: Antimonio$(br)Formula: Sb₂S₃"
        }
    ]
}