{
    "name": "Carbone",
    "icon": "minecraft:coal",
    "category": "tfc:tfg_ores",
    "read_by_default": true,
    "pages": [
        {
            "type": "patchouli:text",
            "text": "Rarità: 215$(br)Densità: 0.55$(br)Tipo: Vena a Grappolo$(br)Y: 0 - 210$(br)Grandezza: 60$(br2)Tipo di Roccia: Shale, Argillite, Calce, Conglomerato, Dolomite, Chert, Gesso$(br2)Indicatori: Carbone"
        },
        {
            "type": "patchouli:multiblock",
            "name": "Carbone",
            "multiblock": {
                "mapping": {
                    "0": "#forge:ores/coal"
                },
                "pattern": [
                    [
                        "0"
                    ],
                    [
                        " "
                    ]
                ]
            },
            "enable_visualize": false,
            "text": "Percentuale: 100%$(br)Usato per: Carburante della Forgia, Distillazione$(br)Formula: C"
        }
    ]
}