{
    "name": "Bauxite & Ilmenite",
    "icon": "gtceu:raw_bauxite",
    "category": "tfc:tfg_ores",
    "read_by_default": true,
    "pages": [
        {
            "type": "patchouli:text",
            "text": "Rarità: 185$(br)Densità: 0.3$(br)Tipo: Vena a Grappolo$(br)Y: -32 - 60$(br)Grandezza: 40$(br2)Tipo di Roccia: Shale, Argillite, Calce, Conglomerato, Dolomite, Chert, Gesso$(br2)Indicatori: Bauxite, Ilmenite, Alluminio"
        },
        {
            "type": "patchouli:multiblock",
            "name": "Bauxite",
            "multiblock": {
                "mapping": {
                    "0": "#forge:ores/bauxite"
                },
                "pattern": [
                    [
                        "0"
                    ],
                    [
                        " "
                    ]
                ]
            },
            "enable_visualize": false,
            "text": "Percentuale: 45%$(br)Fonte di: Alluminio$(br)Formula: Al₂O₃"
        },
        {
            "type": "patchouli:multiblock",
            "name": "Alluminio",
            "multiblock": {
                "mapping": {
                    "0": "#forge:ores/aluminium"
                },
                "pattern": [
                    [
                        "0"
                    ],
                    [
                        " "
                    ]
                ]
            },
            "enable_visualize": false,
            "text": "Percentuale: 25%$(br)Fonte di: Alluminio (ovviamente)$(br)Formula: Al"
        },
        {
            "type": "patchouli:multiblock",
            "name": "Ilmenite",
            "multiblock": {
                "mapping": {
                    "0": "#forge:ores/ilmenite"
                },
                "pattern": [
                    [
                        "0"
                    ],
                    [
                        " "
                    ]
                ]
            },
            "enable_visualize": false,
            "text": "Percentuale: 30%$(br)Fonte di: Titanio$(br)Formula: FeTiO₃"
        }
    ]
}