{
    "name": "Zolfo & Pirite",
    "icon": "gtceu:raw_sulfur",
    "category": "tfc:tfg_ores",
    "read_by_default": true,
    "pages": [
        {
            "type": "patchouli:text",
            "text": "Rarità: 165$(br)Densità: 0.2$(br)Tipo: Vena a Grappolo$(br)Y: 0 - 210$(br)Grandezza: 45$(br2)Tipo di Roccia: Riolite, Basalto, Andesite, Dacite$(br2)Indicatori: Zolfo, Pirite, Sfalerite"
        },
        {
            "type": "patchouli:multiblock",
            "name": "Zolfo",
            "multiblock": {
                "mapping": {
                    "0": "#forge:ores/sulfur"
                },
                "pattern": [
                    [
                        "0"
                    ],
                    [
                        " "
                    ]
                ]
            },
            "enable_visualize": false,
            "text": "Percentuale: 50%$(br)Formula: S"
        },
        {
            "type": "patchouli:multiblock",
            "name": "Pirite",
            "multiblock": {
                "mapping": {
                    "0": "#forge:ores/pyrite"
                },
                "pattern": [
                    [
                        "0"
                    ],
                    [
                        " "
                    ]
                ]
            },
            "enable_visualize": false,
            "text": "Percentuale: 35%$(br)Si fonde in: Ghisa$(br)Formula: FeS₂"
        },
        {
            "type": "patchouli:multiblock",
            "name": "Sfalerite",
            "multiblock": {
                "mapping": {
                    "0": "#forge:ores/sphalerite"
                },
                "pattern": [
                    [
                        "0"
                    ],
                    [
                        " "
                    ]
                ]
            },
            "enable_visualize": false,
            "text": "Percentuale: 15%$(br)Si fonde in: Zinco$(br)Formula: ZnS"
        }
    ]
}