{
    "name": "Bastnasite & Monazite",
    "icon": "gtceu:monazite_gem",
    "category": "tfc:tfg_ores",
    "read_by_default": true,
    "pages": [
        {
            "type": "patchouli:text",
            "text": "Rarità: 185$(br)Densità: 0.25$(br)Tipo: Vena a Grappolo$(br)Y: -32 - 50$(br)Grandezza: 40$(br2)Tipo di Roccia: Granito, Diorite, Gabbro$(br2)Indicatori: Bastnasite, Monazite, Neodimio"
        },
        {
            "type": "patchouli:multiblock",
            "name": "Bastnasite",
            "multiblock": {
                "mapping": {
                    "0": "#forge:ores/bastnasite"
                },
                "pattern": [
                    [
                        "0"
                    ],
                    [
                        " "
                    ]
                ]
            },
            "enable_visualize": false,
            "text": "Percentuale: 50%$(br)Fonte di: Cerio, Fluoro$(br)Formula: CeCFO₃"
        },
        {
            "type": "patchouli:multiblock",
            "name": "Mozanite",
            "multiblock": {
                "mapping": {
                    "0": "#forge:ores/monazite"
                },
                "pattern": [
                    [
                        "0"
                    ],
                    [
                        " "
                    ]
                ]
            },
            "enable_visualize": false,
            "text": "Percentuale: 25%$(br)Fonte di: Fosforo, Terre Rare$(br)Formula: ?(PO₄)"
        },
        {
            "type": "patchouli:multiblock",
            "name": "Neodimio",
            "multiblock": {
                "mapping": {
                    "0": "#forge:ores/neodymium"
                },
                "pattern": [
                    [
                        "0"
                    ],
                    [
                        " "
                    ]
                ]
            },
            "enable_visualize": false,
            "text": "Percentuale: 25%$(br)Formula: Nd"
        }
    ]
}