{
    "name": "Magnetite & Vanadio",
    "icon": "gtceu:raw_magnetite",
    "category": "tfc:tfg_ores",
    "read_by_default": true,
    "pages": [
        {
            "type": "patchouli:text",
            "text": "Rarità: 200$(br)Densità: 0.4$(br)Tipo: Vena a Grappolo$(br)Y: -32 - 75$(br)Grandezza: 40$(br2)Tipo di Roccia: Shale, Argillite, Calce, Conglomerato, Dolomite, Chert, Gesso$(br2)Indicatori: Magnetite, Oro Nativo"
        },
        {
            "type": "patchouli:multiblock",
            "name": "Magnetite",
            "multiblock": {
                "mapping": {
                    "0": "#forge:ores/magnetite"
                },
                "pattern": [
                    [
                        "0"
                    ],
                    [
                        " "
                    ]
                ]
            },
            "enable_visualize": false,
            "text": "Percentuale: 65%$(br)Si fonde in: Ghisa$(br)Formula: Fe₃O₄"
        },
        {
            "type": "patchouli:multiblock",
            "name": "Magnetite Vanadifera",
            "multiblock": {
                "mapping": {
                    "0": "#forge:ores/vanadium_magnetite"
                },
                "pattern": [
                    [
                        "0"
                    ],
                    [
                        " "
                    ]
                ]
            },
            "enable_visualize": false,
            "text": "Percentuale: 25%$(br)Fonte di: Ferro, Vanadio$(br)Formula: (Fe₃O₄)V"
        },
        {
            "type": "patchouli:multiblock",
            "name": "Oro",
            "multiblock": {
                "mapping": {
                    "0": "#forge:ores/gold"
                },
                "pattern": [
                    [
                        "0"
                    ],
                    [
                        " "
                    ]
                ]
            },
            "enable_visualize": false,
            "text": "Percentauale 10%$(br)Si fonde in: Oro$(br)Formula: Au"
        }
    ]
}