{
    "name": "Bentonite & Olivina",
    "icon": "gtceu:olivine_gem",
    "category": "tfc:tfg_ores",
    "read_by_default": true,
    "pages": [
        {
            "type": "patchouli:text",
            "text": "Rarità: 180$(br)Densità: 0.25$(br)Tipo: Vena a Grappolo$(br)Y: -40 - 30$(br)Grandezza: 26$(br2)Tipo di Roccia: Riolite, Basalto, Andesite, Dacite, Granito, Diorite, Gabbro$(br2)Indicatori: Bentonite, Magnesite, Olivina, Sabbia di Glauconite"
        },
        {
            "type": "patchouli:multiblock",
            "name": "Bentonite",
            "multiblock": {
                "mapping": {
                    "0": "#forge:ores/bentonite"
                },
                "pattern": [
                    [
                        "0"
                    ],
                    [
                        " "
                    ]
                ]
            },
            "enable_visualize": false,
            "text": "Percentuale: 35%$(br)Fonte di: Magnesio$(br)Formula: NaMg₆Si₁₂H₄(H₂O)₅O₃₆"
        },
        {
            "type": "patchouli:multiblock",
            "name": "Magnesite",
            "multiblock": {
                "mapping": {
                    "0": "#forge:ores/magnesite"
                },
                "pattern": [
                    [
                        "0"
                    ],
                    [
                        " "
                    ]
                ]
            },
            "enable_visualize": false,
            "text": "Percentuale: 25%$(br)Fonte di: Magnesio$(br)Formula: MgCO₃"
        },
        {
            "type": "patchouli:multiblock",
            "name": "Olivina",
            "multiblock": {
                "mapping": {
                    "0": "#forge:ores/olivine"
                },
                "pattern": [
                    [
                        "0"
                    ],
                    [
                        " "
                    ]
                ]
            },
            "enable_visualize": false,
            "text": "Percentuale: 25%$(br)Fonte di: Magnesio$(br)Formula: Mg₂Fe(SiO₂)₂"
        },
        {
            "type": "patchouli:multiblock",
            "name": "Sabbia di Glauconite",
            "multiblock": {
                "mapping": {
                    "0": "#forge:ores/glauconite_sand"
                },
                "pattern": [
                    [
                        "0"
                    ],
                    [
                        " "
                    ]
                ]
            },
            "enable_visualize": false,
            "text": "Percentuale: 15%$(br)Fonte di: Magnesio, Alluminio$(br)Formula: KMg₂Al₄H₂O₁₂"
        }
    ]
}