{
	"name": "Minare in TFG",
	"icon": "gtceu:pyrite_dust",
	"category": "tfc:tfg_ores",
	"priority": true,
	"sortnum": 0,
	"pages": [
		{
			"type": "patchouli:text",
			"text": "Ci sono due modi per estrarre minerali - con un $(thing)Piccone$(), o con un $(thing)Martello$().$(br)Generalmente, dovresti minare qualsiasi cosa che si può fondere (ad esempio il $(thing)Rame$()) con un martello, e tutto il resto con un piccone, ma controlla la EMI se non sei sicuro."
		},
		{
			"type": "patchouli:spotlight",
			"title": "Piccone",
			"text": "Rompere un blocco di minerale con un piccone ti darà del Minerale $(thing)Grezzo$() (povero, normale o ricco), insieme a della polvere di pietra. Questi non daranno molti mB e ne avrai bisogno di molteplici per fare un singolo lingotto, ma altri minerali, come il $(thing)Carbone$(), possono essere usati in questo stato.",
			"item": {
				"tag": "minecraft:pickaxes"
			}
		},
		{
			"type": "patchouli:spotlight",
			"title": "Martello",
			"text": "Rompere un blocco di minerale con un martello ti darà 1-2 $(thing)Minerale Frantumato$(). Questi di già si possono fondere per più mB rispetto ai minerali grezzi, ma con un pò di $(l:tfg_ores/ore_basics#processing)raffinazione extra$() possono valere darti ancora di più!",
			"item": {
				"tag": "forge:tools/hammers"
			}
		},
		{
			"type": "patchouli:spotlight",
			"title": "Martello da Miniera",
			"text": "Questo è praticamente un piccone che mina un area 3x3, e che ti darà Minerali $(thing)Grezzi$(). Può tornarti utile anche per scavare tutta la roccia dopo aver martellato i minerali!$(br2)Premendo $(thing)Shift$() romperai solo un blocco alla volta.",
			"item": {
				"tag": "forge:tools/mining_hammers"
			}
		},
		{
			"type": "patchouli:spotlight",
			"title": "Raffinazione di base dei Minerali",
			"anchor": "processing",
			"item": "gtceu:copper_dust",
			"text": "Per far si che i tuoi minerali frantumati si fondano in più mB, prima mettili in un banco da lavoro insieme ad un $(thing)Martello$(). Questo produrrà $(thing)Polvere Impura$().$(br2)Per purificarla ulteriormente, lanciala in acqua e aspetta un paio di secondi, o clicca con il tasto destro su un $(thing)Calderone$() riempito di acqua."
		},
		{
			"type": "patchouli:crafting",
			"title": "Polvere Impura",
			"recipe": "gtceu:shapeless/crushed_ore_to_dust_copper"
		},
		{
			"type": "patchouli:spotlight",
			"title": "Età del Vapore",
			"text": "Appena otterrai dei $(thing)Macchinari a Vapore$(), puoi minare tutto con un $(thing)Martello da Miniera$() - mettere i minerali grezzi in una $(thing)Forgiatrice a Vapore$() o un $(thing)Maceratore a Vapore$() ti darà all'incirca le stesse quantità di minerale frantumato che otterresti usando un martello.",
			"item": "gtceu:hp_steam_forge_hammer,gtceu:hp_steam_macerator"
		},
		{
			"type": "patchouli:text",
			"text": "Più tardi, quando sarai in LV, controlla le quest per imparare tutto sulle varie tecniche di raffinazione e dei sottoprodotti extra che ti possono dare. Ricordati che il $(thing)Maceratore$() non ti darà sottoprodotti fino a $(thing)HV$()!$(br2)Ecco una $(l:https://docs.google.com/spreadsheets/d/1P3Baz4y5vgJ3XrCoNs4l3BXGPiFEPlW7i4taPEWpTB4/edit?usp=sharing)Spreadsheet$() se preferisci vedere le informazioni sulla generazione dei minerali in quel modo."
		}
	]
}