{
    "name": "Cassiterite (Superficiale)",
    "icon": "gtceu:poor_raw_cassiterite",
    "category": "tfc:tfg_ores",
    "read_by_default": true,
    "pages": [
        {
            "type": "patchouli:text",
            "text": "Rarità: 135$(br)Densità: 0.25$(br)Tipo: Vena a Grappolo$(br)Y: 60 - 210$(br)Grandezza: 50$(br2)Tipo di Roccia: Granito, Diorite, Gabbro$(br2)Indicatori: Cassiterite"
        },
        {
            "type": "patchouli:multiblock",
            "name": "Cassiterite",
            "multiblock": {
                "mapping": {
                    "0": "#forge:ores/cassiterite"
                },
                "pattern": [
                    [
                        "0"
                    ],
                    [
                        " "
                    ]
                ]
            },
            "enable_visualize": false,
            "text": "Percentuale: 60%$(br)Si fonde in: Stagno$(br)Formula: SnO₂"
        },
        {
            "type": "patchouli:multiblock",
            "name": "Stagno",
            "multiblock": {
                "mapping": {
                    "0": "#forge:ores/tin"
                },
                "pattern": [
                    [
                        "0"
                    ],
                    [
                        " "
                    ]
                ]
            },
            "enable_visualize": false,
            "text": "Percentuale: 40%$(br)Si fonde in: Stagno$(br)Formula: Sn"
        }
    ]
}