{
    "name": "Argilla di Caolinite",
    "icon": "tfc:kaolin_clay",
    "category": "tfc:tfg_ores",
    "read_by_default": true,
    "pages": [
        {
            "type": "patchouli:text",
            "anchor": "kaolinite",
            "text": "L'Argilla di Caolinite è richiesta per fabbricare l'$(l:mechanics/fire_clay)Argilla Refrattaria$(). Si può trovare ad alta quota nei Plateaus, Old Mountains, Rolling Hills e Highlands, ad una $(l:the_world/climate#temperature)temperatura$() di almeno 18°C, con $(l:the_world/climate#rainfall)precipitazioni$() di almeno 300mm. Il $(thing)Giglio Sanguigno$() cresce sull'Argilla di Caolinite."
        },
        {
            "type": "tfc:multimultiblock",
            "text": "Generalmente, dirigiti a $(thing)Sud Est$() per aumentare temperatura e umidità.",
            "multiblocks": [
                {
                    "pattern": [
                        [
                            "X"
                        ],
                        [
                            "Y"
                        ],
                        [
                            "0"
                        ]
                    ],
                    "mapping": {
                        "X": "tfc:plant/blood_lily",
                        "Y": "tfc:kaolin_clay_grass"
                    }
                },
                {
                    "pattern": [
                        [
                            "X"
                        ],
                        [
                            "Y"
                        ],
                        [
                            "0"
                        ]
                    ],
                    "mapping": {
                        "X": "tfc:plant/blood_lily",
                        "Y": "tfc:red_kaolin_clay"
                    }
                },
                {
                    "pattern": [
                        [
                            "X"
                        ],
                        [
                            "Y"
                        ],
                        [
                            "0"
                        ]
                    ],
                    "mapping": {
                        "X": "tfc:plant/blood_lily",
                        "Y": "tfc:white_kaolin_clay"
                    }
                },
                {
                    "pattern": [
                        [
                            "X"
                        ],
                        [
                            "Y"
                        ],
                        [
                            "0"
                        ]
                    ],
                    "mapping": {
                        "X": "tfc:plant/blood_lily",
                        "Y": "tfc:pink_kaolin_clay"
                    }
                }
            ]
        },
        {
            "type": "patchouli:spotlight",
            "item": "tfc:powder/kaolinite",
            "anchor": "powder",
            "text": "Solo il $(thing)20%$() dell'Argilla di Caolinite si trasformera in $(thing)Polvere di Caolinite$(), quindi è consigliato cuocerla sul momento usando $(l:getting_started/pit_kiln)Forni Infossati$() per salvare spazio nell'inventario.$(br2)Porta a casa anche circa 20 $(thing)Blocchi$() di Argilla di Caolinite, per poter $(l:mechanics/glassworking_applications)Lavorare il Vetro$()."
        }
    ]
}