{
    "name": "Sfalerite & Zolfo",
    "icon": "gtceu:poor_raw_sphalerite",
    "category": "tfc:tfg_ores",
    "read_by_default": true,
    "pages": [
        {
            "type": "patchouli:text",
            "text": "Rarità: 145$(br)Densità: 0.25$(br)Tipo: Vena a Grappolo$(br)Y: 60 - 210$(br)Grandezza: 50$(br2)Tipo di Roccia: Riolite, Basalto, Andesite, Dacite, Quarzite, Ardesia, Fillite, Scisto, Gneiss, Marmo$(br2)Indicatori: Sfalerite"
        },
        {
            "type": "patchouli:multiblock",
            "name": "Sfalerite",
            "multiblock": {
                "mapping": {
                    "0": "#forge:ores/sphalerite"
                },
                "pattern": [
                    [
                        "0"
                    ],
                    [
                        " "
                    ]
                ]
            },
            "enable_visualize": false,
            "text": "Percentuale: 40%$(br)Si fonde in: Zinco$(br)Formula: ZnS"
        },
        {
            "type": "patchouli:multiblock",
            "name": "Zolfo",
            "multiblock": {
                "mapping": {
                    "0": "#forge:ores/sulfur"
                },
                "pattern": [
                    [
                        "0"
                    ],
                    [
                        " "
                    ]
                ]
            },
            "enable_visualize": false,
            "text": "Percentuale 55%$(br)Formula: S"
        },
        {
            "type": "patchouli:multiblock",
            "name": "Pirite",
            "multiblock": {
                "mapping": {
                    "0": "#forge:ores/pyrite"
                },
                "pattern": [
                    [
                        "0"
                    ],
                    [
                        " "
                    ]
                ]
            },
            "enable_visualize": false,
            "text": "Percentuale: 5%$(br)Si fonde in: Ghisa$(br)Formula: FeS₂"
        }
    ]
}