{
    "name": "Calcopirite & Realgar",
    "icon": "gtceu:raw_chalcopyrite",
    "category": "tfc:tfg_ores",
    "read_by_default": true,
    "pages": [
        {
            "type": "patchouli:text",
            "text": "Rarità: 140$(br)Densità: 0.25$(br)Tipo: Vena a Grappolo$(br)Y: 30 - 210$(br)Grandezza: 50$(br2)Tipo di Roccia: Riolite, Basalto, Andesite, Dacite$(br2)Indicatori: Rame Nativo, Cassiterite, Realgar"
        },
        {
            "type": "patchouli:multiblock",
            "name": "Calcopirite",
            "multiblock": {
                "mapping": {
                    "0": "#forge:ores/chalcopyrite"
                },
                "pattern": [
                    [
                        "0"
                    ],
                    [
                        " "
                    ]
                ]
            },
            "enable_visualize": false,
            "text": "Percentuale: 55%$(br)Si fonde in: Rame$(br)Formula: CuFeS₂"
        },
        {
            "type": "patchouli:multiblock",
            "name": "Zeolite",
            "multiblock": {
                "mapping": {
                    "0": "#forge:ores/zeolite"
                },
                "pattern": [
                    [
                        "0"
                    ],
                    [
                        " "
                    ]
                ]
            },
            "enable_visualize": false,
            "text": "Percentuale: 15%$(br)Fonte di: Alluminio, Ossigeno$(br)Formula: NaCa₄Si₂₇Al₉(H₂O)₂₈O₇₂"
        },
        {
            "type": "patchouli:multiblock",
            "name": "Cassiterite",
            "multiblock": {
                "mapping": {
                    "0": "#forge:ores/cassiterite"
                },
                "pattern": [
                    [
                        "0"
                    ],
                    [
                        " "
                    ]
                ]
            },
            "enable_visualize": false,
            "text": "Percentuale: 5%$(br)Si fonde in: Stagno$(br)Formula: SnO₂"
        },
        {
            "type": "patchouli:multiblock",
            "name": "Realgar",
            "multiblock": {
                "mapping": {
                    "0": "#forge:ores/realgar"
                },
                "pattern": [
                    [
                        "0"
                    ],
                    [
                        " "
                    ]
                ]
            },
            "enable_visualize": false,
            "text": "Percentuale: 15%$(br)Fonte di: Arsenico$(br)Formula: As₄S₄$(br)Pericoloso: Sì"
        },
        {
            "type": "patchouli:text",
            "text": "Se stai avendo difficoltà nel trovare del Realgar, un'altra fonte di Arsenico è la $(l:tfg_ores/normal_garnierite)Cobaltite$(), anche se avrai bisogno di un $(thing)Altoforno Elettrico$() per processarla."
        }
    ]
}