{
  "__comment__": "This file was automatically created by mcresources",
  "name": "Irrigazione",
  "category": "tfc:firmalife",
  "icon": "firmalife:sprinkler",
  "pages": [
    {
      "type": "patchouli:text",
      "text": "L'$(thing)Irrigatore$() è un dispositivo che spruzza acqua in un'area 5x6x5 centrata sul blocco sottostante. Capirai che sta funzionando quando inizierà a emettere particelle d'acqua. Gli irrigatori piazzati verso l'alto irrigano la stessa area 5x6x5 dall'alto."
    },
    {
      "type": "tfc:anvil_recipe",
      "recipe": "firmalife:anvil/sprinkler",
      "text": "L'irrigatore è forgiato da una $(thing)Piastra di Rame$()."
    },
    {
      "type": "patchouli:text",
      "text": "Gli irrigatori devono essere connessi a un sistema di tubi che forniscono acqua per farli funzionare. Questo è possibile connettendoli a una serie di $(thing)Tubi in Rame$(). I Tubi in Rame trasportano acqua fino a 32 blocchi di distanza fino a un irrigatore. Devono essere connessi a una $(thing)Stazione di Pompaggio$()."
    },
    {
      "type": "tfc:anvil_recipe",
      "recipe": "firmalife:anvil/copper_pipe",
      "text": "Un tubo in rame si può forgiare da una piastra."
    },
    {
      "type": "patchouli:multiblock",
      "multiblock": {
        "pattern": [
          [
            "X"
          ],
          [
            "0"
          ]
        ],
        "mapping": {
          "X": "firmalife:pumping_station"
        }
      },
      "name": "",
      "text": "",
      "enable_visualize": false
    },
    {
      "type": "patchouli:crafting",
      "recipe": "tfg:shaped/pumping_station",
      "text": "Le stazioni di pompaggio devono essere sopra a un blocco d'acqua per poter funzionare. Puoi attivarle con un segnale di redstone."
    },
    {
      "type": "patchouli:crafting",
      "recipe": "firmalife:crafting/oxidized_copper_pipe",
      "text": "I tubi ossidati sono analoghi ai normali tubi in rame, con l'eccezione che non possono connettersi all'altro tipo di tubo."
    },
    {
      "type": "patchouli:crafting",
      "recipe": "firmalife:crafting/greenhouse/iron_greenhouse_port",
      "text": "I portelli per le serre hanno un singolo tubo al loro interno. Si possono usare per fare passare acqua tra le pareti di una serra!"
    }
  ],
  "read_by_default": true,
  "sortnum": 8
}