{
	"format_version": "1.12.0",
	"minecraft:geometry": [
		{
			"description": {
				"identifier": "geometry.unknown",
				"texture_width": 32,
				"texture_height": 32,
				"visible_bounds_width": 3,
				"visible_bounds_height": 3,
				"visible_bounds_offset": [0, 0.5, 0]
			},
			"bones": [
				{
					"name": "root",
					"pivot": [0, 5, -0.5]
				},
				{
					"name": "atomic",
					"parent": "root",
					"pivot": [0, 5, -0.5]
				},
				{
					"name": "main",
					"parent": "atomic",
					"pivot": [0, 3, 2.5],
					"rotation": [-90, 0, 0],
					"cubes": [
						{
							"origin": [-1, -1, 9.625],
							"size": [2, 2, 4],
							"uv": {
								"north": {"uv": [14, 18], "uv_size": [2, 2]},
								"east": {"uv": [3, 14], "uv_size": [4, 2]},
								"south": {"uv": [18, 18], "uv_size": [2, 2]},
								"west": {"uv": [7, 14], "uv_size": [4, 2]},
								"up": {"uv": [13, 14], "uv_size": [2, 4]},
								"down": {"uv": [15, 6], "uv_size": [2, -4]}
							}
						},
						{
							"origin": [-0.5, -2.5, -10.375],
							"size": [1, 12, 1],
							"uv": {
								"north": {"uv": [6, 2], "uv_size": [1, 12]},
								"east": {"uv": [7, 2], "uv_size": [1, 12]},
								"south": {"uv": [2, 8], "uv_size": [1, 12]},
								"west": {"uv": [8, 2], "uv_size": [1, 12]},
								"up": {"uv": [21, 20], "uv_size": [1, 1]},
								"down": {"uv": [21, 22], "uv_size": [1, -1]}
							}
						},
						{
							"origin": [-0.5, -2.5, -11.375],
							"size": [1, 7.5, 1],
							"uv": {
								"north": {"uv": [3, 16], "uv_size": [1, 8]},
								"east": {"uv": [4, 16], "uv_size": [1, 8]},
								"south": {"uv": [5, 16], "uv_size": [1, 8]},
								"west": {"uv": [6, 16], "uv_size": [1, 8]},
								"up": {"uv": [22, 8], "uv_size": [1, 1]},
								"down": {"uv": [22, 10], "uv_size": [1, -1]}
							}
						},
						{
							"origin": [-0.5, 0.75, -10.125],
							"size": [1, 0.75, 0.75],
							"pivot": [0, -0.5, -5.375],
							"rotation": [45, 0, 0],
							"uv": {
								"north": {"uv": [22, 10], "uv_size": [1, 1]},
								"east": {"uv": [11, 22], "uv_size": [1, 1]},
								"south": {"uv": [22, 11], "uv_size": [1, 1]},
								"west": {"uv": [12, 22], "uv_size": [1, 1]},
								"up": {"uv": [22, 12], "uv_size": [1, 1]},
								"down": {"uv": [22, 14], "uv_size": [1, -1]}
							}
						},
						{
							"origin": [-0.5, 0.5, -7.375],
							"size": [1, 1, 4],
							"uv": {
								"north": {"uv": [21, 16], "uv_size": [1, 1]},
								"east": {"uv": [19, 4], "uv_size": [4, 1]},
								"south": {"uv": [21, 17], "uv_size": [1, 1]},
								"west": {"uv": [19, 5], "uv_size": [4, 1]},
								"up": {"uv": [17, 8], "uv_size": [1, 4]},
								"down": {"uv": [16, 22], "uv_size": [1, -4]}
							}
						},
						{
							"origin": [-0.5, -0.5, -4.375],
							"size": [1, 1, 14],
							"uv": {
								"north": {"uv": [21, 14], "uv_size": [1, 1]},
								"east": {"uv": [0, 0], "uv_size": [14, 1]},
								"south": {"uv": [21, 15], "uv_size": [1, 1]},
								"west": {"uv": [0, 1], "uv_size": [14, 1]},
								"up": {"uv": [0, 2], "uv_size": [1, 14]},
								"down": {"uv": [1, 16], "uv_size": [1, -14]}
							}
						},
						{
							"origin": [-1, 6, -9.875],
							"size": [2, 1, 1],
							"uv": {
								"north": {"uv": [20, 7], "uv_size": [2, 1]},
								"east": {"uv": [21, 18], "uv_size": [1, 1]},
								"south": {"uv": [20, 8], "uv_size": [2, 1]},
								"west": {"uv": [19, 21], "uv_size": [1, 1]},
								"up": {"uv": [20, 9], "uv_size": [2, 1]},
								"down": {"uv": [20, 11], "uv_size": [2, -1]}
							}
						},
						{
							"origin": [-1, 4, -9.875],
							"size": [2, 1, 1],
							"uv": {
								"north": {"uv": [20, 13], "uv_size": [2, 1]},
								"east": {"uv": [22, 6], "uv_size": [1, 1]},
								"south": {"uv": [19, 20], "uv_size": [2, 1]},
								"west": {"uv": [22, 7], "uv_size": [1, 1]},
								"up": {"uv": [21, 0], "uv_size": [2, 1]},
								"down": {"uv": [21, 2], "uv_size": [2, -1]}
							}
						},
						{
							"origin": [-1, 1, -8.875],
							"size": [2, 4, 1],
							"uv": {
								"north": {"uv": [15, 14], "uv_size": [2, 4]},
								"east": {"uv": [19, 6], "uv_size": [1, 4]},
								"south": {"uv": [0, 16], "uv_size": [2, 4]},
								"west": {"uv": [7, 19], "uv_size": [1, 4]},
								"up": {"uv": [13, 7], "uv_size": [2, 1]},
								"down": {"uv": [20, 7], "uv_size": [2, -1]}
							}
						},
						{
							"origin": [-1, -1, -8.875],
							"size": [2, 2, 5],
							"uv": {
								"north": {"uv": [19, 0], "uv_size": [2, 2]},
								"east": {"uv": [11, 8], "uv_size": [5, 2]},
								"south": {"uv": [19, 2], "uv_size": [2, 2]},
								"west": {"uv": [11, 10], "uv_size": [5, 2]},
								"up": {"uv": [11, 12], "uv_size": [2, 5]},
								"down": {"uv": [13, 7], "uv_size": [2, -5]}
							}
						}
					]
				},
				{
					"name": "atomic_positioning",
					"parent": "atomic",
					"pivot": [0, 5, -0.5]
				},
				{
					"name": "muzzle_pos",
					"parent": "atomic_positioning",
					"pivot": [0, 14, -1]
				},
				{
					"name": "muzzle_default",
					"parent": "atomic",
					"pivot": [0, -2.125, -16.5],
					"rotation": [-90, 0, 0],
					"cubes": [
						{
							"origin": [-0.25, 7.24112, -35.78033],
							"size": [0.5, 1.75, 5],
							"pivot": [0, 9.74112, -30.78033],
							"rotation": [-45, 0, 0],
							"uv": {
								"north": {"uv": [21, 2], "uv_size": [1, 2]},
								"east": {"uv": [13, 12], "uv_size": [5, 2]},
								"south": {"uv": [21, 11], "uv_size": [1, 2]},
								"west": {"uv": [14, 0], "uv_size": [5, 2]},
								"up": {"uv": [13, 18], "uv_size": [1, 5]},
								"down": {"uv": [18, 18], "uv_size": [1, -5]}
							}
						},
						{
							"origin": [-0.25, 7.49112, -32.53033],
							"size": [0.5, 3.375, 1.75],
							"pivot": [0, 9.74112, -30.78033],
							"rotation": [-45, 0, 0],
							"uv": {
								"north": {"uv": [1, 20], "uv_size": [1, 3]},
								"east": {"uv": [17, 2], "uv_size": [2, 3]},
								"south": {"uv": [2, 20], "uv_size": [1, 3]},
								"west": {"uv": [17, 5], "uv_size": [2, 3]},
								"up": {"uv": [18, 20], "uv_size": [1, 2]},
								"down": {"uv": [20, 20], "uv_size": [1, -2]}
							}
						},
						{
							"origin": [-0.25, 10.5625, -31.75],
							"size": [0.5, 3.3125, 1.75],
							"uv": {
								"north": {"uv": [17, 19], "uv_size": [1, 3]},
								"east": {"uv": [7, 16], "uv_size": [2, 3]},
								"south": {"uv": [0, 20], "uv_size": [1, 3]},
								"west": {"uv": [9, 16], "uv_size": [2, 3]},
								"up": {"uv": [14, 20], "uv_size": [1, 2]},
								"down": {"uv": [15, 22], "uv_size": [1, -2]}
							}
						},
						{
							"origin": [-0.25, 18.875, -32.4375],
							"size": [0.5, 3.625, 0.9375],
							"uv": {
								"north": {"uv": [8, 19], "uv_size": [1, 4]},
								"east": {"uv": [9, 19], "uv_size": [1, 4]},
								"south": {"uv": [10, 19], "uv_size": [1, 4]},
								"west": {"uv": [19, 10], "uv_size": [1, 4]},
								"up": {"uv": [22, 2], "uv_size": [1, 1]},
								"down": {"uv": [22, 4], "uv_size": [1, -1]}
							}
						},
						{
							"origin": [-0.25, 18.875, -33.375],
							"size": [0.5, 4.5, 0.9375],
							"uv": {
								"north": {"uv": [11, 17], "uv_size": [1, 5]},
								"east": {"uv": [12, 17], "uv_size": [1, 5]},
								"south": {"uv": [17, 14], "uv_size": [1, 5]},
								"west": {"uv": [18, 8], "uv_size": [1, 5]},
								"up": {"uv": [21, 19], "uv_size": [1, 1]},
								"down": {"uv": [20, 22], "uv_size": [1, -1]}
							}
						},
						{
							"origin": [-0.25, 12.625, -33.25],
							"size": [0.5, 6.25, 1.75],
							"uv": {
								"north": {"uv": [5, 8], "uv_size": [1, 6]},
								"east": {"uv": [2, 2], "uv_size": [2, 6]},
								"south": {"uv": [16, 6], "uv_size": [1, 6]},
								"west": {"uv": [4, 2], "uv_size": [2, 6]},
								"up": {"uv": [15, 6], "uv_size": [1, 2]},
								"down": {"uv": [20, 13], "uv_size": [1, -2]}
							}
						}
					]
				},
				{
					"name": "rotate",
					"parent": "atomic",
					"pivot": [0, 16.375, 2.29167],
					"cubes": [
						{
							"origin": [-1, 20.25, -2.3125],
							"size": [2, 2.125, 0.625],
							"inflate": 0.002,
							"pivot": [0, 16.375, -2],
							"rotation": [-90, 0, 45],
							"uv": {
								"north": {"uv": [14, 22], "uv_size": [2, 2]},
								"east": {"uv": [18, 22], "uv_size": [1, 2]},
								"south": {"uv": [22, 14], "uv_size": [2, 2]},
								"west": {"uv": [22, 18], "uv_size": [1, 2]},
								"up": {"uv": [19, 22], "uv_size": [2, 1]},
								"down": {"uv": [22, 21], "uv_size": [2, -1]}
							}
						},
						{
							"origin": [8.45755, 6.29245, -11.1875],
							"size": [2, 2.125, 0.625],
							"inflate": 0.002,
							"pivot": [9.45755, 6.91745, 2.5],
							"rotation": [-90, 0, -45],
							"uv": {
								"north": {"uv": [16, 22], "uv_size": [2, 2]},
								"east": {"uv": [21, 22], "uv_size": [1, 2]},
								"south": {"uv": [22, 16], "uv_size": [2, 2]},
								"west": {"uv": [22, 21], "uv_size": [1, 2]},
								"up": {"uv": [0, 23], "uv_size": [2, 1]},
								"down": {"uv": [23, 1], "uv_size": [2, -1]}
							}
						},
						{
							"origin": [8.45755, 2.41745, -11.875],
							"size": [2, 6, 2],
							"pivot": [9.45755, 6.91745, 2.5],
							"rotation": [-90, 0, -45],
							"uv": {
								"north": {"uv": [3, 8], "uv_size": [2, 6]},
								"east": {"uv": [9, 2], "uv_size": [2, 6]},
								"south": {"uv": [9, 8], "uv_size": [2, 6]},
								"west": {"uv": [11, 2], "uv_size": [2, 6]},
								"up": {"uv": [19, 14], "uv_size": [2, 2]},
								"down": {"uv": [19, 18], "uv_size": [2, -2]}
							}
						}
					]
				},
				{
					"name": "right",
					"parent": "root",
					"pivot": [6, 11, -1]
				},
				{
					"name": "righthand_pos",
					"parent": "right",
					"pivot": [0, 0, -1],
					"cubes": [
						{
							"origin": [4, 0, -3],
							"size": [4, 12, 4],
							"uv": {
								"north": {"uv": [0, 0], "uv_size": [4, 12]},
								"east": {"uv": [4, 0], "uv_size": [4, 12]},
								"south": {"uv": [8, 0], "uv_size": [4, 12]},
								"west": {"uv": [0, 12], "uv_size": [4, 12]},
								"up": {"uv": [16, 0], "uv_size": [4, 4]},
								"down": {"uv": [16, 8], "uv_size": [4, -4]}
							}
						}
					]
				},
				{
					"name": "left",
					"parent": "root",
					"pivot": [-6, 11, -1]
				},
				{
					"name": "lefthand_pos",
					"parent": "left",
					"pivot": [0, 0, -1],
					"cubes": [
						{
							"origin": [-8, 0, -3],
							"size": [4, 12, 4],
							"uv": {
								"north": {"uv": [12, 0], "uv_size": [4, 12]},
								"east": {"uv": [4, 12], "uv_size": [4, 12]},
								"south": {"uv": [8, 12], "uv_size": [4, 12]},
								"west": {"uv": [12, 12], "uv_size": [4, 12]},
								"up": {"uv": [16, 8], "uv_size": [4, 4]},
								"down": {"uv": [16, 16], "uv_size": [4, -4]}
							}
						}
					]
				},
				{
					"name": "views",
					"pivot": [0, 0, 0]
				},
				{
					"name": "idle_view",
					"parent": "views",
					"pivot": [0, 8, 8]
				},
				{
					"name": "iron_view",
					"parent": "views",
					"pivot": [0, 8, 8]
				},
				{
					"name": "refit_view",
					"parent": "views",
					"pivot": [12, 5, -4],
					"rotation": [0, 90, 0]
				},
				{
					"name": "refit_muzzle_view",
					"parent": "views",
					"pivot": [2, 13, -4],
					"rotation": [0, 90, -15]
				},
				{
					"name": "camera",
					"pivot": [0, 8, 8]
				},
				{
					"name": "positioning",
					"pivot": [0, 0, 0]
				},
				{
					"name": "thirdperson_hand",
					"parent": "positioning",
					"pivot": [0, 4.75, -2]
				},
				{
					"name": "ground",
					"parent": "positioning",
					"pivot": [0, 0, -1]
				},
				{
					"name": "fixed",
					"parent": "positioning",
					"pivot": [-1, 8, -1],
					"rotation": [0, -90, 0]
				}
			]
		}
	]
}