{
	"name": "Consigli per l'Altoforno",
	"icon": "tfc:blast_furnace",
	"category": "tfc:tfg_tips",
	"read_by_default": true,
	"pages": [
		{
			"type": "patchouli:text",
			"title": "TerraFirmaCraft consigli per l'Altoforno",
			"text": "Quindi, sei finalmente riuscito a trovare quella $(item)Caolinite$() e ti senti eccitato nel poter creare un $(thing)Altoforno$() a 5 livelli. Ecco alcuni consigli prima di andare selvaggio!"
		},
		{
			"type": "patchouli:spotlight",
			"item": "gtceu:compressed_fireclay",
			"text": "Prima di usare tutta la tua argilla refrattaria su 20 mattoni refrattari, nota che appena arriverai nell'età a vapore, potrai creare mattoni refrattari solo con dell'argilla, attraverso l'$(item)Argilla Refrattaria Compressa$(). Questo ti permette di salvare su $(item)Caolinite$() e $(item)Graffite$() per i $(thing)Tavoli di Colata$()."
		},
		{
			"type": "patchouli:spotlight",
			"title": "Preriscaldare Metalli",
			"item": "tfc:firepit",
			"text": "Per convertire il ferro in acciaio, l'altoforno deve riscaldare il ferro fino a $(thing)Brilliant White$(). Alla prima accensione, il metallo si riscalda insieme all'altoforno. Tuttavia, successive operazioni richiederanno una quantità di tempo simile nonostante la fornace sia già calda, in quanto deve riscaldare il metallo da freddo."
		},
		{
			"type": "patchouli:text",
			"text": "Se il metallo è già caldo quando si aggiunge all'altoforno, ci metterà meno tempo a raggiungere brilliant white. Considera di riscaldare il tuo metallo in una $(l:tfc:mechanics/charcoal_forge)Forgia$() prima di metterlo in una fornace già calda per salvare tempo, specialmente con altiforni più piccoli che processano meno materiali per volta."
		},
		{
			"type": "patchouli:spotlight",
			"title": "Input validi",
			"item": "gtceu:iron_dust",
			"text": "Solo alcuni stadi di raffinazione dei minerali sono accettati in un altoforno. $(thing)Polveri di Minerali$(), $(thing)Minerali Grezzi$(), e $(thing)lingotti di Ghisa/Ferro Battuto$() funzionano, mentre $(thing)Frantumati$(), $(thing)Impuri$(), o altri stadi di lavorazione no. Per questo, dovresti sempre $(l:tfc:tfg_ores/ore_basics#processing)Raffinare$() i tuoi minerali in polveri."
		},
		{
			"type": "patchouli:spotlight",
			"title": "Automazione",
			"item": "create:mechanical_pump",
			"text": "Avrai bisogno di molto $(item)Acciaio$() per l'età del $(thing)Vapore$() e $(thing)LV$(). Moltissimo Acciaio. L'$(thing)Altoforno Elettrico$() è molto lontano, quindi pensa a ottimizzare la tua produzione."
		},
		{
			"type": "patchouli:text",
			"text": "Puoi pompare liquidi direttamente fuori dall'altoforno usando una $(item)Pompa Meccanica$(). Pompa in un $(l:tfc:tfcchannelcasting/channel_casting)Tavolo di Colata$() ed estrai i lingotti con una tramoggia o uno scivolo: Automazione facile!$(br2)Puoi anche automatizzare il mantice con un $(item)Utilizzatore$()! Però stai attento, dato che usare un mantice brucia più combustibile e consuma il tuo $(thing)ugello$() più velocemente.$(br2)Puoi processare la $(item)Ghisa Grezza$() e l'$(item)Acciaio ad Alto Carbonio$() in una $(thing)Forgiatrice$()."
		},
		{
			"type": "patchouli:text",
			"text": "Puoi automaticamente rimpiazzare ugelli rotti con una tramoggia che punta l'altoforno."
		}
	]
}