{
	"name": "Domande Frequenti",
	"icon": "minecraft:spyglass",
	"category": "tfc:tfg_tips",
	"read_by_default": true,
	"priority": true,
	"pages": [
		{
			"type": "patchouli:text",
			"title": "FAQs",
			"text": "Bloccato su Qualcosa? Prova a cercare in questo libro e nelle quest, ma se sei ancora in stallo, prova a chiedere nel nostro $(l:https://discord.com/invite/AEaCzCTUwQ)Discord$() o $(l:https://www.reddit.com/r/TerraFirmaGreg)Subreddit$()!"
		},
		{
			"type": "patchouli:text",
			"text": "$(li)$(l:tfg_tips/faqs#boats)Perché la mia nave è affondata?$()$(li)$(l:tfg_tips/faqs#dried_fruit)Come faccio del lievito madre?$()$(li)$(l:tfg_tips/faqs#dried_fruit)Come faccio fibbre di ananas?$()$(li)$(l:tfg_tips/faqs#jam)Come faccio della marmellata?$()$(li)$(l:tfg_tips/faqs#resin)Come faccio della Resina Appiccicosa?$()$(li)$(l:tfg_tips/faqs#chunks)Come posso caricare forzatamente un chunk o aumentare il mio limite?$()"
		},
		{
			"type": "patchouli:text",
			"anchor": "boats",
			"text": "$(italic)Perché la mia nave è affondata?$()$(br2)Costruisci la tua barca a terra, poi usa un $(item)Guinzaglio$() per lanciarla. Se è già affondata, è troppo tardi, dovrai farne un'altra."
		},
		{
			"type": "patchouli:text",
			"anchor": "dried_fruit",
			"text": "$(italic)Come faccio del lievito madre e/o fibre di ananas?$()$(br2)Assicurati di aver seccato il frutto usando un $(item)Tappetino di Essicatura$(). Poi segui il resto degli step per il $(l:firmalife/bread)Pane$() o il $(l:firmalife/berry_bushes)Tessuto di Ananas$()."
		},
		{
			"type": "patchouli:text",
			"anchor": "jam",
			"text": "$(italic)Come faccio della marmellata?$()$(br2)Il metodo più facile è con una $(l:firmalife/oven_appliances#vat)Pentola$(). Segui gli step in quella sezione, ma non sei obbligato a fare una $(thing)Stazione di Confezionamento$() o dei $(thing)Tappi$() a meno che tu non voglia automatizzare. Clicca con il tasto destro la Pentola con del $(thing)Liquido Dolce$() con un barattolo vuoto, poi clicca di nuovo per riprenderlo, e dovrebbe essere riempito con della marmellata e chiuso.$(br2)Assicurati di $(bold)chiudere il tappo$() sulla Pentola con $(item)$(k:sneak)$() + $(item)$(k:use)$()!"
		},
		{
			"type": "patchouli:text",
			"anchor": "chunks",
			"text": "$(italic)Come posso caricare forzatamente un chunk?$()$(br2)Apri la tua minimappa con $(item)$(k:gui.xaero_open_map)$(), poi clicca con il tasto destro il chunk > $(thing)Claim Selected$(). Clicca dinuovo con il tasto destro sul chunk > $(thing)Forceload Selected$().$(br2)Per aumentare il numero di chunk caricabili forzatamente, premi $(item)$(k:gui.xaero_pac_key_open_menu)$(), poi vai nelle impostazioni del player ed aumenta il numero di chunk."
		},
		{
			"type": "patchouli:text",
			"anchor": "resin",
			"text": "$(italic)Come faccio della resina appiccicosa?$$(br2)Innanzitutto, fa crescere degli alberi di $(thing)Kapok$() e forgia degli $(thing)Ugelli per Alberi$(). Piazza un ugello sul tronco principale di ogni albero di kapok (più ugelli si dividono solo l'output). Clicca con il tasto destro su ogni ugello con un $(thing)Secchio di Legno$(), poi aspetta la stagione corretta (Feb-Ott, escludendo Luglio). Quando il secchio sarà pieno, $(item)$(k:use)$() su di esso con una $(thing)mano vuota$(). Puoi automatizzare il tutto con una $(l:mechanics/pumps)Pompa Meccanica$() sul secchio, se vuoi."
		},
		{
			"type": "patchouli:text",
			"text": "Puoi cuocere velocemente il tuo lattice con una $(l:firmalife/oven_appliances#vat)Pentola$(). Combina il lattice con della polvere di $(item)Zolfo$() nella pentola (Metti quella della Gregtech in una Macina per avere quella della TFC), riscalda, e $(br2)chiudi il coperchio$() della pentola con $(item)$(k:sneak)$() + $(item)$(k:use)$().$(br2)Più avanti potrai automatizzare il tutto con una $(thing)Centrifuga LV$()."
		}
	]
}