{
	"name": "Risorse Infinite?!",
	"icon": "minecraft:lava_bucket",
	"category": "tfc:tfg_tips",
	"read_by_default": true,
	"pages": [
		{
			"type": "patchouli:text",
			"text": "Molte delle risorse grezze di cui avrai bisogno non sono rinnovabili e potrai ottenerle sono estraendole, ma alcune di loro diventeranno infinitamente rinnovabili appena arriverai a $(thing)LV$() e $(thing)MV$().$(br2)Tuttavia, molti di questi metodi sono abbastanza lenti, quindi sta a te scegliere se vale la pena metterli in atto o solo estrarli da un'altra vena di minerali."
		},
		{
			"type": "patchouli:spotlight",
			"title": "Fluidi",
			"item": "create:hose_pulley",
			"text": "$(thing)Acqua$(), $(thing)Acqua di Mare$(), e $(thing)Lava$() sono tutte rinnovabili con una $(item)Carrucola per Fluidi$() e un singolo blocco di fluido. Puoi estrarre dalla carrucola per fluidi con una $(l:mechanics/pumps)Pompa Meccanica$()."
		},
		{
			"type": "patchouli:text",
			"text": "Puoi centrifugare l'$(item)Acqua di Mare$() per ottenere Acqua e $(thing)Sale$(), che può essere sottoposto a elettrolisi per avere $(thing)Cloro$() e $(thing)Sodio$(). Puoi centrifugare la $(br2)$(item)Lava$() per avere $(thing)Pepite d'Oro$(), $(thing)Tantalite$(), $(thing)Zaffiro$(), $(thing)Quicklime$(), e $(thing)Diossido di Silicio$()$(br2)La Lava può anche essere utilizzata come $(item)carburante gratis infinito$() per i tuoi bollitori!"
		},
		{
			"type": "patchouli:spotlight",
			"title": "Polvere di Pietra",
			"item": {
				"tag": "tfg:stone_dusts"
			},
			"text": "L'altra fonte di risorse infinite sono le $(thing)Polveri di Pietra$(). Puoi ottenere materiali grezzi infiniti tramite un $(item)Frantumatore$(), e macerare il tutto in polveri differenti.$(br2)Queste polveri possono poi essere centrifugate in risorse differenti (anche se molte richiedono $(thing)MV$(). Quasi tutte danno Diossido di Silicio e Ossigeno, quindi solo le altre risorse saranno elencate.  "
		},
		{
			"type": "patchouli:text",
			"title": "Sedimentarie",
			"text": "$(thing)Shale$(): Sodio, Mix di Metalli$(br)$(thing)Argillite$(): Alluminio, Ematite$(br)$(thing)Calce$(): Calcio, Mix di Metalli$(br)$(thing)Conglomerato$(): Fosfato di Calcio, Ematite$(br)$(thing)Dolomite$(): Magnesio, Calcio, Mix di Metalli$(br)$(thing)Chert$(): Mix di Metalli$(br)$(thing)Gesso$(): Calcio, Carbonio, Mix di Metalli"
		},
		{
			"type": "patchouli:text",
			"title": "Metamorfiche",
			"text": "$(thing)Quarzite$(): Niente$(br)$(thing)Ardesia$(): Mix di Metalli$()$(br)$(thing)Fillite$(): Cloruro di Calcio$(br)$(thing)Scisto$(): Mica (Fluoro), Talco (Magnesio), Graffite, Mix di Metalli$(br)$(thing)Gneiss$(): Biotite (Fluoro)$(br)$(thing)Marmo$(): Magnesio, Calcite"
		},
		{
			"type": "patchouli:text",
			"title": "Ignee Intrusive",
			"text": "$(thing)Granito$(): Calcite, Selce$(br)$(thing)Gabbro$(): Titanio, Ferro, Mix di Metalli$(br)$(thing)Diorite$(): Argilla, Alluminio, Zolfo, Sodio, Litio"
		},
		{
			"type": "patchouli:text",
			"title": "Ingee Estrusive",
			"text": "$(thing)Riolite$(): Mix di Metalli$(br)$(thing)Basalto$(): Olivina, Calcite, Selce, Ceneri Scure$(br)$(thing)Andesite$(): Amianto, Salnitro$(br)$(thing)Dacite$(): Sodio, Calcio, Alluminio, Mix di Metalli"
		},
		{
			"type": "patchouli:spotlight",
			"title": "Terrari Dimensionali",
			"item": "gtceu:nether_dome,gtceu:end_dome",
			"text": "In futuro, potrai usare il $(item)Netherarium$() e l'$(item)Enderarium$() per rendere $(thing)Redstone$(), $(thing)Quarzo del Nether$(), e $(thing)Perle dell'Ender$() rinnovabili."
		}
	]
}