{
	"name": "Primo macchinario LV?",
	"icon": "gtceu:lv_machine_hull",
	"category": "tfc:tfg_tips",
	"read_by_default": true,
	"pages": [
		{
			"type": "patchouli:text",
			"text": "Quindi hai finalmente fatto un pò di acciaio colorato e sei pronto per fare i tuoi primi passi verso $(thing)LV$(). La prima scelta ovvia per un macchinario LV è una $(item)Turbina a Vapore$(), ma cosa viene dopo? Ci sono così tante opzioni!$(br2)Non c'è una risposta esatta qui, perché è tutto soggettivo, ma dovresti pensare a quale parte del tuo progresso è più tediosa e fare un macchinario che ti possa aiutare con quello.$(br)"
		},
		{
			"type": "patchouli:spotlight",
			"item": "gtceu:lv_mixer",
			"title": "Miscelatore",
			"text": "Il $(item)Miscelatore$() rende l'acciaio colorato molto più economico.$(br2)Il mixer cinetico richiede sia SU che EU (ed ha un alto impatto di stress e deve operare a 64 RPM), ma lavora il doppio più velocemente della controparte puramente elettrica.$(br)Se vale la pena fabbricarne uno sta a te capirlo!$(br2)Inoltre, ha una ricetta per creare $(thing)Polvere di Luminite$().$(br)"
		},
		{
			"type": "patchouli:spotlight",
			"item": "gtceu:lv_assembler",
			"title": "Assemblatore",
			"text": "L'$(item)Assemblatore$() è un macchinario molto costoso, ma che permette di creare involucri LV con solo 8 piastre di acciaio (anche se questo potrebbe cambiare in futuro) e componenti elettroniche più economiche, come $(thing)Tubi a Vuoto$() e $(thing)Resistori$()."
		},
		{
			"type": "patchouli:spotlight",
			"item": "gtceu:lv_bender",
			"title": "Piegatore",
			"text": "Il $(item)Piegatore$() può fabbricare $(thing)Piastre$() con un solo lingotto. Finalmente, niente più gioco d'azzardo con la Pressa Meccanica!$(br2)Può anche fabbricare $(thing)Piastre Sottili$() per cose come la $(l:tfg_tips/infinite_resources)Carrucola per Fluidi$()."
		},
		{
			"type": "patchouli:spotlight",
			"item": "gtceu:lv_wiremill",
			"title": "Trafileria",
			"text": "La $(item)Trafileria$() dimezza il costo dei $(thing)Fili$(). Non c'è molto altro da dire qui, eccetto che non potrai mai avere troppi fili di rame o stagno."
		},
		{
			"type": "patchouli:spotlight",
			"title": "Reattore Chimico/Solidificatore",
			"item": "gtceu:lv_chemical_reactor,gtceu:lv_fluid_solidifier",
			"text": "Il $(item)Reattore Chimico$() rende la $(thing)Gomma$() più economica e il $(item)Solidificatore$() può trasformarla in $(thing)Fogli di Gomma$(), con cui puoi fare $(thing)Motori$() più economici.$(br2)Anche l'$(item)Estrattore$() è utile se accoppiato con il Solidificatore, ed è un grande upgrade rispetto a quello a vapore in quanto può fondere i metalli in fluidi."
		},
		{
			"type": "patchouli:spotlight",
			"title": "Centrifuga",
			"item": "gtceu:lv_centrifuge",
			"text": "La $(item)Centrifuga$() crea $(thing)Resina Appiccicosa$() direttamente dai tronchi di Kapok, insieme a $(thing)Polpa di Gomma$() più economica. Niente più lattice!"
		},
		{
			"type": "patchouli:spotlight",
			"title": "Polarizzatore",
			"item": "gtceu:lv_polarizer",
			"text": "Il $(item)Polarizzatore$() crea $(thing)Aste Magnetice$() praticamente gratis. Se ti manca la redstone, questo è un buon primo macchinario, ed è anche dannatamente poco costoso."
		},
		{
			"type": "patchouli:spotlight",
			"title": "Minatore",
			"item": "gtceu:lv_miner",
			"text": "Piazza il $(item)Minatore$() (o anche multipli) sopra una vena di minerali, portati un bollitore, turbina a vapore, acqua, e carburante, poi carica il chunk e cammina via. Non avrai più bisogno di andare a scavare!"
		},
		{
			"type": "patchouli:spotlight",
			"title": "Bagno Chimico",
			"item": "gtceu:lv_chemical_bath",
			"text": "Il $(item)Bagno Chimico$() crea carta più economica. Finita lì. E appena avrai un $(thing)Assemblatore$() non avrai più bisogno di carta in ogni caso.$(br2)Può anche automatizzare la maggior parte dei passi per fabbricare della $(thing)Pelle$() se sei stanco dei barili."
		},
		{
			"type": "patchouli:spotlight",
			"title": "Fornace ad Arco",
			"item": "gtceu:lv_arc_furnace",
			"text": "Non è un buon primo macchinario, ma la $(item)Fornace ad Arco$() può trasformare la Ghisa direttamente in $(thing)Ferro Battuto$(), la Sabbia in $(thing)Vetro$(), e il Rame in $(thing)Rame Ricotto$(). Tutte le sue ricette richiedono $(thing)Ossigeno$() però, quindi è inutile senza un $(item)Elettrolizzatore$() o una $(item)Centrifuga$()."
		},
		{
			"type": "patchouli:spotlight",
			"title": "Estrusore",
			"item": "gtceu:lv_extruder",
			"text": "Questo è solo un avvertimento: Non fare un $(item)Estrusore$(). L'unica cosa che può fare sono attrezzi e fogli di gomma sottili (cosa che anche il piegatore può fare). Tutte le ricette buone dell'estrusore sono bloccate fino a $(thing)MV$() in poi."
		}
	]
}