{
	"format_version": "1.8.0",
	"animations": {
		"shoot": {
			"loop": "hold_on_last_frame",
			"animation_length": 0.0833,
			"bones": {
				"hammer": {
					"rotation": {
						"0.0": {
							"post": [0, 0, 0],
							"lerp_mode": "catmullrom"
						},
						"0.0417": [55, 0, 0]
					}
				},
				"flap": {
					"rotation": {
						"0.0417": [0, 0, 0],
						"0.0833": [40, 0, 0]
					}
				}
			}
		},
		"static_bolt_caught": {
			"loop": true,
			"bones": {
				"hammer": {
					"rotation": [55, 0, 0]
				},
				"flap": {
					"rotation": [40, 0, 0]
				}
			}
		},
		"reload_empty": {
			"loop": "hold_on_last_frame",
			"animation_length": 1.9583,
			"bones": {
				"hammer": {
					"rotation": {
						"0.0": [55, 0, 0],
						"1.9167": [55, 0, 0],
						"1.9583": [0, 0, 0]
					}
				},
				"flap": {
					"rotation": {
						"0.0": [40, 0, 0],
						"1.9167": [40, 0, 0],
						"1.9583": [0, 0, 0]
					}
				},
				"hand_and_ammo": {
					"rotation": {
						"0.0": [0, 0, 0],
						"0.2917": {
							"pre": [-111, 0, 0],
							"post": [-111, 0, 0],
							"lerp_mode": "catmullrom"
						},
						"1.0": {
							"post": [-112.21999, 18.6208, -7.43144],
							"lerp_mode": "catmullrom"
						},
						"1.125": {
							"post": [-113.88448, 27.72668, -11.64211],
							"lerp_mode": "catmullrom"
						},
						"1.25": {
							"post": [-112.21999, 18.6208, -7.43144],
							"lerp_mode": "catmullrom"
						},
						"1.4167": {
							"post": [-111, 0, 0],
							"lerp_mode": "catmullrom"
						},
						"1.7083": {
							"post": [0, 0, 0],
							"lerp_mode": "catmullrom"
						}
					},
					"position": {
						"0.0": [0, 0, 0],
						"0.5": [0, 0, -5],
						"1.0": [0, 0, -17],
						"1.4167": [0, 0, -14],
						"1.7083": [0, 0, -5]
					}
				},
				"hand_and_gun": {
					"rotation": {
						"0.0": {
							"post": [0, 0, 0],
							"lerp_mode": "catmullrom"
						},
						"0.4167": {
							"post": [0, -35, -12.5],
							"lerp_mode": "catmullrom"
						},
						"1.4167": {
							"post": [0, -35, -12.5],
							"lerp_mode": "catmullrom"
						},
						"1.7917": {
							"post": [0, 0, 0],
							"lerp_mode": "catmullrom"
						},
						"1.875": {
							"post": [5, 0, 0],
							"lerp_mode": "catmullrom"
						},
						"1.9167": {
							"post": [5, 0, 0],
							"lerp_mode": "catmullrom"
						},
						"1.9583": {
							"post": [0, 0, 0],
							"lerp_mode": "catmullrom"
						}
					},
					"position": {
						"0.0": {
							"post": [0, 0, 0],
							"lerp_mode": "catmullrom"
						},
						"0.4167": {
							"post": [3.9, 0, 0],
							"lerp_mode": "catmullrom"
						},
						"1.4167": {
							"post": [3.9, 0, 0],
							"lerp_mode": "catmullrom"
						},
						"1.7083": {
							"post": [0, 0, 0],
							"lerp_mode": "catmullrom"
						},
						"1.7917": {
							"post": [0, 0, 0],
							"lerp_mode": "catmullrom"
						},
						"1.875": {
							"post": [0, -1, 0],
							"lerp_mode": "catmullrom"
						},
						"1.9167": {
							"post": [0, -1, 0],
							"lerp_mode": "catmullrom"
						},
						"1.9583": {
							"post": [0, 0, 0],
							"lerp_mode": "catmullrom"
						}
					}
				},
				"ammo": {
					"position": [9, -15.3, 23],
					"scale": {
						"0.0": [3.5, 3.5, 3.5],
						"1.0": [1, 1, 1],
						"1.0417": [0, 0, 0]
					}
				}
			}
		},
		"static_idle": {
			"loop": true,
			"bones": {
				"hand_and_ammo": {
					"rotation": [0, 0, 0],
					"position": [0, 0, 0]
				},
				"ammo": {
					"scale": 0
				},
				"hand_and_gun": {
					"rotation": [0, 0, 0],
					"position": [0, 0, 0]
				},
				"hammer": {
					"rotation": [0, 0, 0]
				},
				"flap": {
					"rotation": [0, 0, 0]
				}
			}
		}
	}
}